customer_id,customer_email,customer_name,customer_surname,customer_area,customer_state
CUST00001,cvoller0@nps.gov,Carolin,Voller,Darwin,NT
CUST00002,gmariaud1@google.ru,Gaby,Mariaud,Central Coast,NSW
CUST00003,ftwizell2@microsoft.com,Faythe,Twizell,Ballarat,VIC
CUST00004,kmarsh3@yelp.com,Kerstin,Marsh,Broken Hill,NSW
CUST00005,nsebrens4@over-blog.com,Nichole,Sebrens,Kalgoorlie,WA
CUST00006,eloachhead5@ifeng.com,Elspeth,Loachhead,Coffs Harbour,NSW
CUST00007,mrennenbach6@nifty.com,Malia,Rennenbach,Townsville,QLD
CUST00008,tloades7@google.nl,Tristan,Loades,Sydney,NSW
CUST00009,lmabbitt8@dedecms.com,Letty,Mabbitt,Dubbo,NSW
CUST00010,clinneman9@hao123.com,Clarabelle,Linneman,Hervey Bay,QLD
CUST00011,achillcota@washington.edu,Alphonse,Chillcot,Sydney,NSW
CUST00012,bgreastyb@admin.ch,Belicia,Greasty,Bendigo,VIC
CUST00013,tdecarteretc@wufoo.com,Tris,De Carteret,Dubbo,NSW
CUST00014,wcleveleyd@jigsy.com,Willie,Cleveley,Coffs Harbour,NSW
CUST00015,fbagleye@amazonaws.com,Fabien,Bagley,Brisbane,QLD
CUST00016,zcarmenf@cornell.edu,Zebulen,Carmen,Cairns,QLD
CUST00017,nkubang@tripod.com,Nike,Kuban,Darwin,NT
CUST00018,kelgeeh@pcworld.com,Kamillah,Elgee,Port Lincoln,SA
CUST00019,fleppoi@devhub.com,Fan,Leppo,Adelaide,SA
CUST00020,cferraraj@shutterfly.com,Clark,Ferrara,Geelong,VIC
CUST00021,bscriverk@npr.org,Brandise,Scriver,Coffs Harbour,NSW
CUST00022,hcassyl@ocn.ne.jp,Hetty,Cassy,Brisbane,QLD
CUST00023,mmorpethm@phoca.cz,Mada,Morpeth,Perth,WA
CUST00024,ehonschn@youku.com,Eydie,Honsch,Melbourne,VIC
CUST00025,acrummayo@mlb.com,Antonin,Crummay,Sydney,NSW
CUST00026,cmarczykp@canalblog.com,Cornelia,Marczyk,Newcastle,NSW
CUST00027,aculverhouseq@ucla.edu,Alexandrina,Culverhouse,Byron Bay,NSW
CUST00028,ematicr@clickbank.net,Edi,Matic,Sydney,NSW
CUST00029,csands@unblog.fr,Cynde,Sand,Bunbury,WA
CUST00030,ecancellariot@mozilla.org,Emmit,Cancellario,Shepparton,VIC
CUST00031,mmoggieu@mysql.com,Myrvyn,Moggie,Sydney,NSW
CUST00032,lmontfordv@sohu.com,Lilas,Montford,Melbourne,VIC
CUST00033,egoriw@constantcontact.com,Essy,Gori,Wagga Wagga,NSW
CUST00034,ssawellx@spotify.com,Shandee,Sawell,Rockhampton,QLD
CUST00035,pgamily@nyu.edu,Paige,Gamil,Brisbane,QLD
CUST00036,cbennisz@multiply.com,Corrina,Bennis,Ballarat,VIC
CUST00037,srickesies10@youtu.be,Sophia,Rickesies,Warrnambool,VIC
CUST00038,msells11@gov.uk,Mose,Sells,Brisbane,QLD
CUST00039,eputson12@twitter.com,Ede,Putson,Rockhampton,QLD
CUST00040,nyeandel13@cnn.com,Nettie,Yeandel,Sale,VIC
CUST00041,mdoick14@salon.com,Maris,Doick,Sale,VIC
CUST00042,tmars15@constantcontact.com,Tonya,Mars,Shepparton,VIC
CUST00043,sfaers16@sogou.com,Sunny,Faers,Central Coast,NSW
CUST00044,acowdery17@cornell.edu,Alleen,Cowdery,Coffs Harbour,NSW
CUST00045,lcrosswaite18@facebook.com,Leticia,Crosswaite,Byron Bay,NSW
CUST00046,fgaffney19@sitemeter.com,Faydra,Gaffney,Brisbane,QLD
CUST00047,lslaight1a@hugedomains.com,Lauree,Slaight,Adelaide,SA
CUST00048,jkemet1b@webeden.co.uk,Josy,Kemet,Sydney,NSW
CUST00049,ypennycuick1c@stumbleupon.com,Yalonda,Pennycuick,Devonport,TAS
CUST00050,amcmillam1d@answers.com,Abdul,McMillam,Sale,VIC
CUST00051,aalfwy1e@usnews.com,Ariana,Alfwy,Central Coast,NSW
CUST00052,crockingham1f@fotki.com,Claribel,Rockingham,Cradle Mountain,TAS
CUST00053,faleixo1g@spiegel.de,Franny,Aleixo,Brisbane,QLD
CUST00054,kbare1h@usgs.gov,Kessiah,Bare,Victor Harbor,SA
CUST00055,tbilling1i@skyrock.com,Trixi,Billing,Geraldton,WA
CUST00056,clawlee1j@trellian.com,Claire,Lawlee,Dubbo,NSW
CUST00057,hgoodoune1k@1und1.de,Herbert,Goodoune,Brisbane,QLD
CUST00058,dkee1l@japanpost.jp,Dayle,Kee,Geelong,VIC
CUST00059,apowlett1m@economist.com,Abigail,Powlett,Wollongong,NSW
CUST00060,mburling1n@blinklist.com,Minda,Burling,Townsville,QLD
CUST00061,kscutcheon1o@bigcartel.com,Kimmie,Scutcheon,Melbourne,VIC
CUST00062,gleathard1p@about.me,Gerry,Leathard,Sydney,NSW
CUST00063,jbarber1q@nydailynews.com,Joya,Barber,Sydney,NSW
CUST00064,apettinger1r@t-online.de,Annelise,Pettinger,Perth,WA
CUST00065,hsturch1s@dmoz.org,Hillary,Sturch,Kalgoorlie,WA
CUST00066,lottewill1t@tuttocitta.it,Linnet,Ottewill,Albany,WA
CUST00067,bmcowan1u@printfriendly.com,Brantley,McOwan,Toowoomba,QLD
CUST00068,cdaws1v@ox.ac.uk,Candace,Daws,Melbourne,VIC
CUST00069,pshulver1w@java.com,Phedra,Shulver,Adelaide,SA
CUST00070,jmartyn1x@bing.com,Jemmy,Martyn,Melbourne,VIC
CUST00071,gmaggiore1y@sogou.com,Giuseppe,Maggiore,Cairns,QLD
CUST00072,kmccleod1z@icq.com,Kelby,McCleod,Sydney,NSW
CUST00073,tkarleman20@merriam-webster.com,Torrin,Karleman,Hervey Bay,QLD
CUST00074,cprivost21@free.fr,Cross,Privost,Mildura,VIC
CUST00075,thardstaff22@google.fr,Tarrance,Hardstaff,Mildura,VIC
CUST00076,ldeatta23@edublogs.org,Lenka,De Atta,Melbourne,VIC
CUST00077,phooks24@unicef.org,Pavel,Hooks,Torquay,VIC
CUST00078,sbeggs25@tumblr.com,Steffi,Beggs,Gold Coast,QLD
CUST00079,gdaunay26@mysql.com,Garreth,Daunay,Ballarat,VIC
CUST00080,pgadesby27@scribd.com,Perkin,Gadesby,Melbourne,VIC
CUST00081,nmcshea28@sohu.com,Nahum,McShea,Toowoomba,QLD
CUST00082,ythynn29@csmonitor.com,Yvor,Thynn,Hobart,TAS
CUST00083,pattlee2a@naver.com,Pavlov,Attlee,Dubbo,NSW
CUST00084,cvidler2b@blogspot.com,Christoph,Vidler,Coffs Harbour,NSW
CUST00085,acollibear2c@elegantthemes.com,Anne,Collibear,Melbourne,VIC
CUST00086,jnorvill2d@de.vu,Jenna,Norvill,Sydney,NSW
CUST00087,ashemmin2e@mac.com,Anya,Shemmin,Sydney,NSW
CUST00088,fhanscomb2f@accuweather.com,Fidela,Hanscomb,Mandurah,WA
CUST00089,ggartsyde2g@springer.com,Gerhard,Gartsyde,Newcastle,NSW
CUST00090,fgreenan2h@wunderground.com,Fionna,Greenan,Sydney,NSW
CUST00091,ogooding2i@chronoengine.com,Orazio,Gooding,Newcastle,NSW
CUST00092,adean2j@studiopress.com,Analiese,Dean,Cairns,QLD
CUST00093,mvatcher2k@microsoft.com,Matty,Vatcher,Perth,WA
CUST00094,gmacia2l@dyndns.org,Gerri,Macia,Gold Coast,QLD
CUST00095,aswyne2m@nbcnews.com,Avie,Swyne,Ballarat,VIC
CUST00096,fitschakov2n@cnbc.com,Fleur,Itschakov,Perth,WA
CUST00097,acourtenay2o@webeden.co.uk,Ashlie,Courtenay,Rockhampton,QLD
CUST00098,lcribbin2p@google.com.au,Lura,Cribbin,Ballarat,VIC
CUST00099,sstorie2q@mozilla.org,Salvador,Storie,Townsville,QLD
CUST00100,alune2r@imdb.com,Ambur,Lune,Sydney,NSW
CUST00101,trosendale2s@wired.com,Teressa,Rosendale,Coffs Harbour,NSW
CUST00102,glanders2t@skyrock.com,Goran,Landers,Newcastle,NSW
CUST00103,ehanscomb2u@a8.net,Erika,Hanscomb,Brisbane,QLD
CUST00104,omelmar2v@state.gov,Opalina,Melmar,Newcastle,NSW
CUST00105,cinger2w@twitter.com,Charmian,Inger,Newcastle,NSW
CUST00106,npimblotte2x@ibm.com,Ninetta,Pimblotte,Newcastle,NSW
CUST00107,bberthomier2y@usnews.com,Baldwin,Berthomier,Adelaide,SA
CUST00108,ksigsworth2z@typepad.com,Kayne,Sigsworth,Karratha,WA
CUST00109,mhacquoil30@youku.com,Moishe,Hacquoil,Melbourne,VIC
CUST00110,lcowe31@ycombinator.com,Leoline,Cowe,Broome,WA
CUST00111,kgreenroa32@europa.eu,Kearney,Greenroa,Shepparton,VIC
CUST00112,pfrossell33@fda.gov,Paddie,Frossell,Hervey Bay,QLD
CUST00113,ospellecy34@guardian.co.uk,Ola,Spellecy,Wagga Wagga,NSW
CUST00114,halfonzo35@example.com,Hermy,Alfonzo,Central Coast,NSW
CUST00115,dandrew36@pagesperso-orange.fr,Dodi,Andrew,Gold Coast,QLD
CUST00116,gsneesby37@xrea.com,Gleda,Sneesby,Sale,VIC
CUST00117,jkellington38@wikipedia.org,Jean,Kellington,Brisbane,QLD
CUST00118,fvolage39@forbes.com,Fremont,Volage,Torquay,VIC
CUST00119,bdyhouse3a@chronoengine.com,Betta,Dyhouse,Sydney,NSW
CUST00120,lfutcher3b@amazon.com,Ludwig,Futcher,Sydney,NSW
CUST00121,slinkleter3c@amazon.co.jp,Simmonds,Linkleter,Central Coast,NSW
CUST00122,prichard3d@blogspot.com,Pammi,Richard,Wollongong,NSW
CUST00123,mlaurence3e@mediafire.com,Myca,Laurence,Mount Isa,QLD
CUST00124,bscorrer3f@drupal.org,Brynn,Scorrer,Central Coast,NSW
CUST00125,sproctor3g@booking.com,Sanford,Proctor,Broken Hill,NSW
CUST00126,mbruni3h@phpbb.com,Marthena,Bruni,Bunbury,WA
CUST00127,lketteringham3i@surveymonkey.com,Lelah,Ketteringham,Central Coast,NSW
CUST00128,bsolon3j@weather.com,Becca,Solon,Sydney,NSW
CUST00129,ldone3k@addthis.com,Leora,Done,Brisbane,QLD
CUST00130,wcarriage3l@lycos.com,Webb,Carriage,Geraldton,WA
CUST00131,lkirke3m@about.me,Lester,Kirke,Hervey Bay,QLD
CUST00132,bhallows3n@ihg.com,Brooks,Hallows,Adelaide,SA
CUST00133,ebedingfield3o@odnoklassniki.ru,Etan,Bedingfield,Torquay,VIC
CUST00134,gheindle3p@home.pl,Godfree,Heindle,Gold Coast,QLD
CUST00135,iwilsher3q@netlog.com,Irwin,Wilsher,Coffs Harbour,NSW
CUST00136,bmosdill3r@blogs.com,Beaufort,Mosdill,Sydney,NSW
CUST00137,corrick3s@mac.com,Cornelle,Orrick,Sydney,NSW
CUST00138,cmiddlebrook3t@toplist.cz,Cameron,Middlebrook,Launceston,TAS
CUST00139,kjeppe3u@creativecommons.org,Karalee,Jeppe,Bendigo,VIC
CUST00140,cslocumb3v@ow.ly,Currey,Slocumb,Adelaide,SA
CUST00141,sfrancklin3w@mysql.com,Silvanus,Francklin,Newcastle,NSW
CUST00142,athorwarth3x@multiply.com,Arley,Thorwarth,Shepparton,VIC
CUST00143,dthurlbourne3y@biblegateway.com,Doralynne,Thurlbourne,Townsville,QLD
CUST00144,ihatchell3z@chronoengine.com,Izabel,Hatchell,Brisbane,QLD
CUST00145,jtargett40@zimbio.com,Jacintha,Targett,Sydney,NSW
CUST00146,tbrower41@google.co.jp,Tommi,Brower,Burnie,TAS
CUST00147,flawdham42@moonfruit.com,Frederique,Lawdham,Cairns,QLD
CUST00148,mspikins43@ucsd.edu,Mab,Spikins,Bunbury,WA
CUST00149,kcluett44@vimeo.com,Kora,Cluett,Geraldton,WA
CUST00150,srowlands45@quantcast.com,Sigvard,Rowlands,Cairns,QLD
CUST00151,ubaumert46@microsoft.com,Urbano,Baumert,Sunshine Coast,QLD
CUST00152,ccopp47@clickbank.net,Claire,Copp,Melbourne,VIC
CUST00153,sguilloux48@acquirethisname.com,Shandie,Guilloux,Rockhampton,QLD
CUST00154,jsimmig49@yahoo.com,Jayme,Simmig,Sydney,NSW
CUST00155,lillidge4a@mayoclinic.com,Leland,Illidge,Sydney,NSW
CUST00156,lschutter4b@tmall.com,Lion,Schutter,Newcastle,NSW
CUST00157,sabadam4c@joomla.org,Samara,Abadam,Melbourne,VIC
CUST00158,cfilipputti4d@opensource.org,Christophe,Filipputti,Shepparton,VIC
CUST00159,kpenvarden4e@webs.com,Kasper,Penvarden,Townsville,QLD
CUST00160,kbatterson4f@ustream.tv,Konstance,Batterson,Ballarat,VIC
CUST00161,apresidey4g@biglobe.ne.jp,Alethea,Presidey,Brisbane,QLD
CUST00162,lanfrey4h@sourceforge.net,Lazare,Anfrey,Rockhampton,QLD
CUST00163,mwinfrey4i@printfriendly.com,Mallissa,Winfrey,Melbourne,VIC
CUST00164,msouthern4j@nifty.com,Marvin,Southern,Bendigo,VIC
CUST00165,lmacmarcuis4k@yolasite.com,Lucian,MacMarcuis,Shepparton,VIC
CUST00166,swimpress4l@themeforest.net,Sholom,Wimpress,Melbourne,VIC
CUST00167,oobell4m@samsung.com,Olenolin,Obell,Adelaide,SA
CUST00168,mtookill4n@netvibes.com,Marguerite,Tookill,Broken Hill,NSW
CUST00169,apetry4o@japanpost.jp,Anatole,Petry,Sydney,NSW
CUST00170,qfeldbau4p@cnn.com,Quentin,Feldbau,Byron Bay,NSW
CUST00171,dmarlon4q@census.gov,Desiri,Marlon,Mount Isa,QLD
CUST00172,bhorstead4r@discuz.net,Brandy,Horstead,Melbourne,VIC
CUST00173,kpeeter4s@cbslocal.com,Kirbee,Peeter,Brisbane,QLD
CUST00174,agreenway4t@51.la,Amandi,Greenway,Brisbane,QLD
CUST00175,kscaplehorn4u@friendfeed.com,Keely,Scaplehorn,Melbourne,VIC
CUST00176,ktolley4v@dedecms.com,Katey,Tolley,Wagga Wagga,NSW
CUST00177,agreensmith4w@angelfire.com,Alvie,Greensmith,Melbourne,VIC
CUST00178,dcino4x@behance.net,Daria,Cino,Brisbane,QLD
CUST00179,amccleverty4y@weather.com,Armand,McCleverty,Byron Bay,NSW
CUST00180,rtoohey4z@nhs.uk,Rina,Toohey,Central Coast,NSW
CUST00181,breckhouse50@mozilla.org,Brennan,Reckhouse,Gold Coast,QLD
CUST00182,mcreany51@patch.com,Merna,Creany,Brisbane,QLD
CUST00183,dvicioso52@oaic.gov.au,Davy,Vicioso,Melbourne,VIC
CUST00184,cdavidsohn53@chron.com,Carmelita,Davidsohn,Brisbane,QLD
CUST00185,amacronald54@nasa.gov,Alys,MacRonald,Sydney,NSW
CUST00186,pdrewet55@businesswire.com,Phyllys,Drewet,Torquay,VIC
CUST00187,tmaruska56@t.co,Tomkin,Maruska,Perth,WA
CUST00188,uhudd57@ucoz.com,Uriah,Hudd,Coffs Harbour,NSW
CUST00189,mbust58@ow.ly,Meghan,Bust,Dubbo,NSW
CUST00190,akeeltagh59@huffingtonpost.com,Ashley,Keeltagh,Broken Hill,NSW
CUST00191,ipresshaugh5a@prweb.com,Ilse,Presshaugh,Byron Bay,NSW
CUST00192,fmagor5b@elpais.com,Franny,Magor,Melbourne,VIC
CUST00193,wisenor5c@buzzfeed.com,Wallie,Isenor,Geelong,VIC
CUST00194,griguard5d@samsung.com,Ginger,Riguard,Newcastle,NSW
CUST00195,dnayshe5e@xrea.com,Dianna,Nayshe,Hobart,TAS
CUST00196,wcrutcher5f@harvard.edu,Willyt,Crutcher,Wagga Wagga,NSW
CUST00197,noxenham5g@examiner.com,Nita,Oxenham,Melbourne,VIC
CUST00198,ttubridy5h@a8.net,Tommi,Tubridy,Geraldton,WA
CUST00199,aradish5i@hud.gov,Allissa,Radish,Central Coast,NSW
CUST00200,nguerola5j@ycombinator.com,Noelle,Guerola,Hervey Bay,QLD
CUST00201,banney5k@mediafire.com,Bernetta,Anney,Wagga Wagga,NSW
CUST00202,cskyppe5l@typepad.com,Claudius,Skyppe,Sydney,NSW
CUST00203,ecullivan5m@imgur.com,Emma,Cullivan,Sunshine Coast,QLD
CUST00204,lsparkes5n@usgs.gov,Latisha,Sparkes,Adelaide,SA
CUST00205,vgedney5o@wp.com,Vaughn,Gedney,Cairns,QLD
CUST00206,cmerrigans5p@microsoft.com,Clevey,Merrigans,Sale,VIC
CUST00207,grunge5q@virginia.edu,Glen,Runge,Devonport,TAS
CUST00208,lbeakes5r@shutterfly.com,Lucky,Beakes,Melbourne,VIC
CUST00209,keddis5s@surveymonkey.com,Kendal,Eddis,Victor Harbor,SA
CUST00210,emackain5t@instagram.com,Eberto,MacKain,Melbourne,VIC
CUST00211,afrounks5u@cloudflare.com,Adrianne,Frounks,Sydney,NSW
CUST00212,cmalenoir5v@technorati.com,Chevy,Malenoir,Brisbane,QLD
CUST00213,bhigford5w@gnu.org,Bertina,Higford,Townsville,QLD
CUST00214,vfontanet5x@biglobe.ne.jp,Valdemar,Fontanet,Coffs Harbour,NSW
CUST00215,lleahy5y@whitehouse.gov,Lauralee,Leahy,Brisbane,QLD
CUST00216,ssorrel5z@yandex.ru,Steffen,Sorrel,Canberra,ACT
CUST00217,flyngsted60@npr.org,Foss,Lyngsted,Shepparton,VIC
CUST00218,eferraresi61@cisco.com,Ernestus,Ferraresi,Newcastle,NSW
CUST00219,groxby62@samsung.com,Grazia,Roxby,Wollongong,NSW
CUST00220,lstowgill63@wordpress.com,Lonee,Stowgill,Sydney,NSW
CUST00221,epohlke64@latimes.com,Esdras,Pohlke,Melbourne,VIC
CUST00222,tsimonich65@moonfruit.com,Tomlin,Simonich,Byron Bay,NSW
CUST00223,nfulop66@github.io,Nickolas,Fulop,Byron Bay,NSW
CUST00224,ddibble67@creativecommons.org,Dorthea,Dibble,Townsville,QLD
CUST00225,srusling68@liveinternet.ru,Sabine,Rusling,Central Coast,NSW
CUST00226,rdutnell69@mayoclinic.com,Reuven,Dutnell,Sunshine Coast,QLD
CUST00227,astollhofer6a@ifeng.com,Arnold,Stollhofer,Sale,VIC
CUST00228,cchotty6b@house.gov,Clarey,Chotty,Albany,WA
CUST00229,lmorefield6c@yandex.ru,Lane,Morefield,Devonport,TAS
CUST00230,bdripp6d@go.com,Benita,Dripp,Canberra,ACT
CUST00231,nsandiland6e@google.ca,Nilson,Sandiland,Toowoomba,QLD
CUST00232,pmathis6f@bluehost.com,Pembroke,Mathis,Adelaide,SA
CUST00233,kfilov6g@amazon.co.jp,Ketti,Filov,Hervey Bay,QLD
CUST00234,ggrunson6h@google.fr,Gabi,Grunson,Cairns,QLD
CUST00235,pbrabban6i@istockphoto.com,Pall,Brabban,Brisbane,QLD
CUST00236,rellar6j@adobe.com,Renaud,Ellar,Townsville,QLD
CUST00237,klabbet6k@washingtonpost.com,Katherine,Labbet,Sunshine Coast,QLD
CUST00238,kdelacourt6l@dailymotion.com,Kirby,Delacourt,Geelong,VIC
CUST00239,kmurcutt6m@simplemachines.org,Kip,Murcutt,Geelong,VIC
CUST00240,lbuscher6n@deviantart.com,Libbi,Buscher,Burnie,TAS
CUST00241,abraisted6o@dailymail.co.uk,Aubry,Braisted,Adelaide,SA
CUST00242,cmckinnon6p@answers.com,Cacilie,McKinnon,Ballarat,VIC
CUST00243,fjotham6q@nationalgeographic.com,Fay,Jotham,Geelong,VIC
CUST00244,ravent6r@tuttocitta.it,Rriocard,Avent,Sunshine Coast,QLD
CUST00245,gwetherburn6s@java.com,Gaby,Wetherburn,Broome,WA
CUST00246,phaggas6t@meetup.com,Paolo,Haggas,Wollongong,NSW
CUST00247,sdillon6u@ameblo.jp,Sigrid,Dillon,Melbourne,VIC
CUST00248,kmccome6v@economist.com,Krishnah,McCome,Brisbane,QLD
CUST00249,wmchenry6w@go.com,Winnie,McHenry,Adelaide,SA
CUST00250,blinde6x@blogger.com,Batholomew,Linde,Wollongong,NSW
CUST00251,nfleming6y@huffingtonpost.com,Nowell,Fleming,Melbourne,VIC
CUST00252,dsulley6z@issuu.com,Dino,Sulley,Sydney,NSW
CUST00253,sganford70@privacy.gov.au,Stanwood,Ganford,Sydney,NSW
CUST00254,eroullier71@oaic.gov.au,Eveline,Roullier,Melbourne,VIC
CUST00255,dcumbes72@unblog.fr,Deanne,Cumbes,Adelaide,SA
CUST00256,rogborn73@blogtalkradio.com,Rania,Ogborn,Melbourne,VIC
CUST00257,edauber74@princeton.edu,Estrella,Dauber,Geelong,VIC
CUST00258,prubury75@paginegialle.it,Paolina,Rubury,Sunshine Coast,QLD
CUST00259,cdetheridge76@fotki.com,Colly,Detheridge,Torquay,VIC
CUST00260,amaleck77@squidoo.com,Alejandro,Maleck,Adelaide,SA
CUST00261,jmackerel78@cloudflare.com,Josiah,Mackerel,Torquay,VIC
CUST00262,agoldspink79@weebly.com,Alonzo,Goldspink,Adelaide,SA
CUST00263,pmargerrison7a@liveinternet.ru,Paddy,Margerrison,Canberra,ACT
CUST00264,hpetrelli7b@blogtalkradio.com,Haleigh,Petrelli,Melbourne,VIC
CUST00265,chartgill7c@taobao.com,Charla,Hartgill,Sydney,NSW
CUST00266,vclapham7d@cargocollective.com,Valeria,Clapham,Brisbane,QLD
CUST00267,bkinnoch7e@ftc.gov,Brear,Kinnoch,Perth,WA
CUST00268,kschruur7f@scribd.com,Kelvin,Schruur,Townsville,QLD
CUST00269,tmccudden7g@blogger.com,Tore,McCudden,Darwin,NT
CUST00270,mswaton7h@reuters.com,Maggy,Swaton,Brisbane,QLD
CUST00271,sefford7i@cbc.ca,Sharai,Efford,Brisbane,QLD
CUST00272,rteasdale7j@time.com,Rheta,Teasdale,Sydney,NSW
CUST00273,vrideout7k@51.la,Vanya,Rideout,Warrnambool,VIC
CUST00274,lderisly7l@myspace.com,Lauretta,Derisly,Melbourne,VIC
CUST00275,oklimus7m@csmonitor.com,Odille,Klimus,Cairns,QLD
CUST00276,ddulanty7n@umich.edu,Dana,Dulanty,Burnie,TAS
CUST00277,rphipp7o@nifty.com,Ruperto,Phipp,Adelaide,SA
CUST00278,nterese7p@yolasite.com,Neddy,Terese,Newcastle,NSW
CUST00279,mbritton7q@cbc.ca,Matelda,Britton,Hervey Bay,QLD
CUST00280,wchalliss7r@fema.gov,Wynne,Challiss,Ballarat,VIC
CUST00281,kcrouch7s@hibu.com,Kristoforo,Crouch,Townsville,QLD
CUST00282,ctill7t@eventbrite.com,Cullin,Till,Mandurah,WA
CUST00283,jgaspard7u@t-online.de,Joly,Gaspard,Torquay,VIC
CUST00284,mcoley7v@slashdot.org,Malina,Coley,Ballarat,VIC
CUST00285,rmersey7w@marriott.com,Ruben,Mersey,Geelong,VIC
CUST00286,eworsom7x@list-manage.com,Elyssa,Worsom,Broken Hill,NSW
CUST00287,jceschini7y@marriott.com,Jamaal,Ceschini,Perth,WA
CUST00288,jwitherbed7z@baidu.com,Jennine,Witherbed,Geelong,VIC
CUST00289,btop80@sfgate.com,Berti,Top,Perth,WA
CUST00290,ecarlon81@nhs.uk,Edithe,Carlon,Newcastle,NSW
CUST00291,kpelz82@dagondesign.com,Kari,Pelz,Broken Hill,NSW
CUST00292,lspohr83@amazon.co.jp,Lexine,Spohr,Torquay,VIC
CUST00293,nfenich84@icio.us,Nichols,Fenich,Wagga Wagga,NSW
CUST00294,anicklen85@usgs.gov,Ardath,Nicklen,Sydney,NSW
CUST00295,echarlet86@apple.com,Eliot,Charlet,Dubbo,NSW
CUST00296,kkuhwald87@princeton.edu,Kliment,Kuhwald,Dubbo,NSW
CUST00297,bwalsh88@scientificamerican.com,Bram,Walsh,Torquay,VIC
CUST00298,mitzhaki89@wikispaces.com,Maddy,Itzhaki,Perth,WA
CUST00299,aphythien8a@rakuten.co.jp,Adler,Phythien,Albany,WA
CUST00300,kgerry8b@eventbrite.com,Katrine,Gerry,Brisbane,QLD
CUST00301,ssikorski8c@myspace.com,Silvano,Sikorski,Mount Isa,QLD
CUST00302,dzorener8d@hostgator.com,Daria,Zorener,Central Coast,NSW
CUST00303,dmccool8e@blogtalkradio.com,Den,McCool,Coffs Harbour,NSW
CUST00304,ccurness8f@chicagotribune.com,Carmela,Curness,Warrnambool,VIC
CUST00305,szamora8g@furl.net,Shaina,Zamora,Central Coast,NSW
CUST00306,nfareweather8h@cargocollective.com,Nolana,Fareweather,Central Coast,NSW
CUST00307,amcfall8i@samsung.com,Aldridge,McFall,Central Coast,NSW
CUST00308,dmacguffog8j@behance.net,Delmor,MacGuffog,Wagga Wagga,NSW
CUST00309,abreeds8k@dailymail.co.uk,Allix,Breeds,Sunshine Coast,QLD
CUST00310,ybuddington8l@jugem.jp,Yetta,Buddington,Albany,WA
CUST00311,klindsley8m@discovery.com,Katti,Lindsley,Melbourne,VIC
CUST00312,cfeakins8n@rakuten.co.jp,Cherlyn,Feakins,Wagga Wagga,NSW
CUST00313,wcleugher8o@deliciousdays.com,Wandie,Cleugher,Devonport,TAS
CUST00314,rlongdon8p@vimeo.com,Reuben,Longdon,Wollongong,NSW
CUST00315,wgiannazzi8q@telegraph.co.uk,Willard,Giannazzi,Torquay,VIC
CUST00316,gracine8r@instagram.com,Gena,Racine,Townsville,QLD
CUST00317,mmatijasevic8s@so-net.ne.jp,Micky,Matijasevic,Sunshine Coast,QLD
CUST00318,nbrandenberg8t@nifty.com,Nonie,Brandenberg,Mandurah,WA
CUST00319,lniezen8u@360.cn,Lancelot,Niezen,Central Coast,NSW
CUST00320,ddavidzon8v@nps.gov,Dalis,Davidzon,Perth,WA
CUST00321,bburder8w@businessinsider.com,Bride,Burder,Bunbury,WA
CUST00322,lholleran8x@ft.com,Leese,Holleran,Rockhampton,QLD
CUST00323,fzouch8y@bing.com,Francisca,Zouch,Victor Harbor,SA
CUST00324,tlarmouth8z@livejournal.com,Towney,Larmouth,Central Coast,NSW
CUST00325,cviles90@scientificamerican.com,Catriona,Viles,Central Coast,NSW
CUST00326,gstit91@pcworld.com,Garrot,Stit,Brisbane,QLD
CUST00327,jtubbs92@gravatar.com,Jobye,Tubbs,Byron Bay,NSW
CUST00328,kbernardeschi93@npr.org,Kingston,Bernardeschi,Geraldton,WA
CUST00329,clicquorish94@about.me,Corette,Licquorish,Central Coast,NSW
CUST00330,kwildblood95@statcounter.com,Kizzie,Wildblood,Albany,WA
CUST00331,abishell96@cnn.com,Ardeen,Bishell,Sydney,NSW
CUST00332,bpinnocke97@mozilla.com,Brooks,Pinnocke,Gold Coast,QLD
CUST00333,fivanchenkov98@mysql.com,Finley,Ivanchenkov,Newcastle,NSW
CUST00334,ishubotham99@networkadvertising.org,Iris,Shubotham,Sunshine Coast,QLD
CUST00335,erefford9a@constantcontact.com,Ezekiel,Refford,Brisbane,QLD
CUST00336,ssymper9b@discuz.net,Samuel,Symper,Ballarat,VIC
CUST00337,zfleckney9c@reddit.com,Zorah,Fleckney,Central Coast,NSW
CUST00338,tsmythin9d@berkeley.edu,Thatch,Smythin,Sunshine Coast,QLD
CUST00339,egoodlet9e@freewebs.com,Elmer,Goodlet,Sydney,NSW
CUST00340,iclemon9f@nps.gov,Idelle,Clemon,Shepparton,VIC
CUST00341,cmollen9g@sbwire.com,Carlynn,Mollen,Brisbane,QLD
CUST00342,nkirckman9h@cam.ac.uk,Newton,Kirckman,Melbourne,VIC
CUST00343,nrepper9i@merriam-webster.com,Noelyn,Repper,Sydney,NSW
CUST00344,mschollick9j@cloudflare.com,Mara,Schollick,Hobart,TAS
CUST00345,nbainton9k@reference.com,Norrie,Bainton,Perth,WA
CUST00346,sroberds9l@51.la,Sheelah,Roberds,Melbourne,VIC
CUST00347,fshilburne9m@umn.edu,Fawnia,Shilburne,Geelong,VIC
CUST00348,jwinchcombe9n@t-online.de,Joellen,Winchcombe,Darwin,NT
CUST00349,jjanodet9o@elegantthemes.com,Jessalyn,Janodet,Wollongong,NSW
CUST00350,dmccaghan9p@hp.com,Denni,McCaghan,Mandurah,WA
CUST00351,ktreadgall9q@nydailynews.com,Kathleen,Treadgall,Wollongong,NSW
CUST00352,gfritschmann9r@geocities.com,Garrek,Fritschmann,Port Lincoln,SA
CUST00353,pthornborrow9s@oracle.com,Pearle,Thornborrow,Wollongong,NSW
CUST00354,sgoldsmith9t@skyrock.com,Skye,Goldsmith,Toowoomba,QLD
CUST00355,akhosa9u@symantec.com,Ancell,Khosa,Melbourne,VIC
CUST00356,jfieldsend9v@google.fr,Jewell,Fieldsend,Melbourne,VIC
CUST00357,agrishukhin9w@omniture.com,Alejoa,Grishukhin,Melbourne,VIC
CUST00358,vpickin9x@whitehouse.gov,Vittorio,Pickin,Perth,WA
CUST00359,nsabey9y@theguardian.com,Nalani,Sabey,Central Coast,NSW
CUST00360,lgaddie9z@nymag.com,Lorinda,Gaddie,Sydney,NSW
CUST00361,skarlqvista0@topsy.com,Starla,Karlqvist,Torquay,VIC
CUST00362,mconnochiea1@blogtalkradio.com,Merry,Connochie,Byron Bay,NSW
CUST00363,smickleburgha2@nytimes.com,Sapphira,Mickleburgh,Victor Harbor,SA
CUST00364,smatuszewskia3@photobucket.com,Sholom,Matuszewski,Dubbo,NSW
CUST00365,mmaccolla4@dion.ne.jp,Mady,MacColl,Sydney,NSW
CUST00366,llackemanna5@slate.com,Lonna,Lackemann,Dubbo,NSW
CUST00367,eswinbournea6@yale.edu,Eustacia,Swinbourne,Launceston,TAS
CUST00368,bfriela7@weibo.com,Brocky,Friel,Dubbo,NSW
CUST00369,tmacauleya8@addtoany.com,Tierney,Macauley,Geelong,VIC
CUST00370,ehansanaa9@ebay.co.uk,Elias,Hansana,Darwin,NT
CUST00371,bcapenoraa@sphinn.com,Benoite,Capenor,Bunbury,WA
CUST00372,chambersab@a8.net,Constantin,Hambers,Central Coast,NSW
CUST00373,ebinhamac@feedburner.com,Edythe,Binham,Sydney,NSW
CUST00374,maudenisad@cornell.edu,Moira,Audenis,Ballarat,VIC
CUST00375,aborgesae@purevolume.com,Abramo,Borges,Melbourne,VIC
CUST00376,bgirlingaf@wikia.com,Blythe,Girling,Sydney,NSW
CUST00377,cgifkinsag@list-manage.com,Carlina,Gifkins,Mount Gambier,SA
CUST00378,dcolvineah@canalblog.com,Doralyn,Colvine,Perth,WA
CUST00379,tbroginiai@pcworld.com,Talya,Brogini,Central Coast,NSW
CUST00380,asimonettiaj@hud.gov,Allister,Simonetti,Byron Bay,NSW
CUST00381,jwhyberdak@buzzfeed.com,Justinian,Whyberd,Cairns,QLD
CUST00382,wbuschal@hatena.ne.jp,Wynne,Busch,Gold Coast,QLD
CUST00383,gmarchmentam@qq.com,Gennifer,Marchment,Brisbane,QLD
CUST00384,eartindalean@msn.com,Evangelia,Artindale,Devonport,TAS
CUST00385,hkefordao@wikispaces.com,Hal,Keford,Byron Bay,NSW
CUST00386,lsamwellap@wiley.com,Leola,Samwell,Byron Bay,NSW
CUST00387,shazlehurstaq@indiegogo.com,Steffen,Hazlehurst,Sale,VIC
CUST00388,mdubiquear@issuu.com,Magdalen,Dubique,Torquay,VIC
CUST00389,mrodgeras@cbsnews.com,Melodee,Rodger,Sunshine Coast,QLD
CUST00390,rcruddasat@wikia.com,Rena,Cruddas,Torquay,VIC
CUST00391,dskeaau@myspace.com,Dido,Skea,Central Coast,NSW
CUST00392,doshaughnessyav@wufoo.com,Devonne,O'Shaughnessy,Bendigo,VIC
CUST00393,hburhillaw@yellowpages.com,Hatti,Burhill,Perth,WA
CUST00394,omordyax@zimbio.com,Odessa,Mordy,Melbourne,VIC
CUST00395,epanasay@soup.io,Elton,Panas,Central Coast,NSW
CUST00396,criordanaz@microsoft.com,Clifford,Riordan,Wollongong,NSW
CUST00397,vtembridgeb0@guardian.co.uk,Vincents,Tembridge,Central Coast,NSW
CUST00398,hhucklebyb1@google.cn,Harv,Huckleby,Melbourne,VIC
CUST00399,bharbisherb2@printfriendly.com,Bone,Harbisher,Sydney,NSW
CUST00400,jboyfieldb3@discuz.net,Jonell,Boyfield,Perth,WA
CUST00401,hmcbreartyb4@furl.net,Hilary,McBrearty,Brisbane,QLD
CUST00402,aamberb5@rakuten.co.jp,Ardelis,Amber,Bunbury,WA
CUST00403,icranmerb6@arizona.edu,Isacco,Cranmer,Ballarat,VIC
CUST00404,jcastanb7@shutterfly.com,Jourdan,Castan,Ballarat,VIC
CUST00405,akenningtonb8@state.gov,Allene,Kennington,Geelong,VIC
CUST00406,jcornelisseb9@unc.edu,Jobina,Cornelisse,Geelong,VIC
CUST00407,iimisonba@nytimes.com,Imojean,Imison,Kalgoorlie,WA
CUST00408,rgornarbb@wunderground.com,Rich,Gornar,Canberra,ACT
CUST00409,dfishbournbc@who.int,Dewie,Fishbourn,Geelong,VIC
CUST00410,jsloambd@eventbrite.com,Jolyn,Sloam,Albany,WA
CUST00411,smcmeekinbe@state.gov,Sigfrid,Mc Meekin,Toowoomba,QLD
CUST00412,lporcasbf@cbc.ca,Ludvig,Porcas,Geelong,VIC
CUST00413,areadebg@mayoclinic.com,Anabal,Reade,Adelaide,SA
CUST00414,rbartolaccibh@stumbleupon.com,Rockey,Bartolacci,Central Coast,NSW
CUST00415,lamisbi@skyrock.com,Lana,Amis,Adelaide,SA
CUST00416,rlesurfbj@yahoo.co.jp,Reed,Le Surf,Gold Coast,QLD
CUST00417,mrobeletbk@craigslist.org,Marquita,Robelet,Byron Bay,NSW
CUST00418,rjelksbl@ezinearticles.com,Roana,Jelks,Melbourne,VIC
CUST00419,adallemorebm@artisteer.com,Aldo,Dallemore,Sale,VIC
CUST00420,nsumnallbn@123-reg.co.uk,Nathanil,Sumnall,Brisbane,QLD
CUST00421,sfranschinibo@e-recht24.de,Steve,Franschini,Cairns,QLD
CUST00422,esellenbp@360.cn,Elonore,Sellen,Gold Coast,QLD
CUST00423,iseagrovebq@qq.com,Innis,Seagrove,Mount Gambier,SA
CUST00424,tbaudbr@imgur.com,Trixy,Baud,Newcastle,NSW
CUST00425,cfickenbs@histats.com,Corilla,Ficken,Melbourne,VIC
CUST00426,ashackeltonbt@go.com,Anette,Shackelton,Geelong,VIC
CUST00427,fgourdonbu@sourceforge.net,Freddie,Gourdon,Gold Coast,QLD
CUST00428,spolgreenbv@marriott.com,Shelli,Polgreen,Melbourne,VIC
CUST00429,pgianolinibw@multiply.com,Paxton,Gianolini,Sydney,NSW
CUST00430,mjanovskybx@zimbio.com,Marcia,Janovsky,Perth,WA
CUST00431,gricciardelloby@fastcompany.com,Gwenny,Ricciardello,Brisbane,QLD
CUST00432,cshearmanbz@youtu.be,Cly,Shearman,Sydney,NSW
CUST00433,kdecristoforoc0@cnet.com,Kevyn,De Cristoforo,Perth,WA
CUST00434,wwiganc1@tamu.edu,Wells,Wigan,Ballarat,VIC
CUST00435,ntitfordc2@scientificamerican.com,Nicolais,Titford,Newcastle,NSW
CUST00436,mbenainec3@mozilla.com,Maggi,Benaine,Victor Harbor,SA
CUST00437,gmbarronc4@eventbrite.com,Gualterio,M'Barron,Sale,VIC
CUST00438,wdampierc5@typepad.com,Wolfie,Dampier,Kalgoorlie,WA
CUST00439,bbourchierc6@ask.com,Barbe,Bourchier,Geraldton,WA
CUST00440,mmuddlec7@example.com,Matty,Muddle,Wollongong,NSW
CUST00441,gnecrewsc8@cnn.com,Gizela,Necrews,Toowoomba,QLD
,,,,,
,,,,,
,,,,,
,,,,,
,,,,,
,,,,,
,,,,,
,,,,,
,,,,,
,,,,,
,,,,,
,,,,,
,,,,,
,,,,,
,,,,,
,,,,,
,,,,,
,,,,,
,,,,,
,,,,,
,,,,,
,,,,,
,,,,,
,,,,,
,,,,,
,,,,,
,,,,,
,,,,,
,,,,,
,,,,,
,,,,,
,,,,,
,,,,,
,,,,,
,,,,,
,,,,,
,,,,,
,,,,,
,,,,,
,,,,,
,,,,,
,,,,,
,,,,,
,,,,,
,,,,,
,,,,,
,,,,,
,,,,,
,,,,,
,,,,,
,,,,,
,,,,,
,,,,,
,,,,,
,,,,,
,,,,,
,,,,,
,,,,,
,,,,,
,,,,,
,,,,,
,,,,,
,,,,,
,,,,,
,,,,,
,,,,,
,,,,,
,,,,,
,,,,,
,,,,,
,,,,,
,,,,,
,,,,,
,,,,,
,,,,,
,,,,,
,,,,,
,,,,,
,,,,,
,,,,,
,,,,,
,,,,,
,,,,,
,,,,,
,,,,,
,,,,,
,,,,,
,,,,,
,,,,,
,,,,,
,,,,,
,,,,,
,,,,,
,,,,,
,,,,,
,,,,,
,,,,,
,,,,,
,,,,,
,,,,,
,,,,,
,,,,,
,,,,,
,,,,,
,,,,,
,,,,,
,,,,,
,,,,,
,,,,,
,,,,,
,,,,,
,,,,,
,,,,,
,,,,,
,,,,,
,,,,,
,,,,,
,,,,,
,,,,,
,,,,,
,,,,,
,,,,,
,,,,,
,,,,,
,,,,,
,,,,,
,,,,,
,,,,,
,,,,,
,,,,,
,,,,,
,,,,,
,,,,,
,,,,,
,,,,,
,,,,,
,,,,,
,,,,,
,,,,,
,,,,,
,,,,,
,,,,,
,,,,,
,,,,,
,,,,,
,,,,,
,,,,,
,,,,,
,,,,,
,,,,,
,,,,,
,,,,,
,,,,,
,,,,,
,,,,,
,,,,,
,,,,,
,,,,,
,,,,,
,,,,,
,,,,,
,,,,,
,,,,,
,,,,,
,,,,,
,,,,,
,,,,,
,,,,,
,,,,,
,,,,,
,,,,,
,,,,,
,,,,,
,,,,,
,,,,,
,,,,,
,,,,,
,,,,,
,,,,,
,,,,,
,,,,,
,,,,,
,,,,,
,,,,,
,,,,,
,,,,,
,,,,,
,,,,,
,,,,,
,,,,,
,,,,,
,,,,,
,,,,,
,,,,,
,,,,,
,,,,,
,,,,,
,,,,,
,,,,,
,,,,,
,,,,,
,,,,,
,,,,,
,,,,,
,,,,,
,,,,,
,,,,,
,,,,,
,,,,,
,,,,,
,,,,,
,,,,,
,,,,,
,,,,,
,,,,,
,,,,,
,,,,,
,,,,,
,,,,,
,,,,,
,,,,,
,,,,,
,,,,,
,,,,,
,,,,,
,,,,,
,,,,,
,,,,,
,,,,,
,,,,,
,,,,,
,,,,,
,,,,,
,,,,,
,,,,,
,,,,,
,,,,,
,,,,,
,,,,,
,,,,,
,,,,,
,,,,,
,,,,,
,,,,,
,,,,,
,,,,,
,,,,,
,,,,,
,,,,,
,,,,,
,,,,,
,,,,,
,,,,,
,,,,,
,,,,,
,,,,,
,,,,,
,,,,,
,,,,,
,,,,,
,,,,,
,,,,,
,,,,,
,,,,,
,,,,,
,,,,,
,,,,,
,,,,,
,,,,,
,,,,,
,,,,,
,,,,,
,,,,,
,,,,,
,,,,,
,,,,,
,,,,,
,,,,,
,,,,,
,,,,,
,,,,,
,,,,,
,,,,,
,,,,,
,,,,,
,,,,,
,,,,,
,,,,,
,,,,,
,,,,,
,,,,,
,,,,,
,,,,,
,,,,,
,,,,,
,,,,,
,,,,,
,,,,,
,,,,,
,,,,,
,,,,,
,,,,,
,,,,,
,,,,,
,,,,,
,,,,,
,,,,,
,,,,,
,,,,,
,,,,,
,,,,,
,,,,,
,,,,,
,,,,,
,,,,,
,,,,,
,,,,,
,,,,,
,,,,,
,,,,,
,,,,,
,,,,,
,,,,,
,,,,,
,,,,,
,,,,,
,,,,,
,,,,,
,,,,,
,,,,,
,,,,,
,,,,,
,,,,,
,,,,,
,,,,,
,,,,,
,,,,,
,,,,,
,,,,,
,,,,,
,,,,,
,,,,,
,,,,,
,,,,,
,,,,,
,,,,,
,,,,,
,,,,,
,,,,,
,,,,,
,,,,,
,,,,,
,,,,,
,,,,,
,,,,,
,,,,,
,,,,,
,,,,,
,,,,,
,,,,,
,,,,,
,,,,,
,,,,,
,,,,,
,,,,,
,,,,,
,,,,,
,,,,,
,,,,,
,,,,,
,,,,,
,,,,,
,,,,,
,,,,,
,,,,,
,,,,,
,,,,,
,,,,,
,,,,,
,,,,,
,,,,,
,,,,,
,,,,,
,,,,,
,,,,,
,,,,,
,,,,,
,,,,,
,,,,,
,,,,,
,,,,,
,,,,,
,,,,,
,,,,,
,,,,,
,,,,,
,,,,,
,,,,,
,,,,,
,,,,,
,,,,,
,,,,,
,,,,,
,,,,,
,,,,,
,,,,,
,,,,,
,,,,,
,,,,,
,,,,,
,,,,,
,,,,,
,,,,,
,,,,,
,,,,,
,,,,,
,,,,,
,,,,,
,,,,,
,,,,,
,,,,,
,,,,,
,,,,,
,,,,,
,,,,,
,,,,,
,,,,,
,,,,,
,,,,,
,,,,,
,,,,,
,,,,,
,,,,,
,,,,,
,,,,,
,,,,,
,,,,,
,,,,,
,,,,,
,,,,,
,,,,,
,,,,,
,,,,,
,,,,,
,,,,,
,,,,,
,,,,,
,,,,,
,,,,,
,,,,,
,,,,,
,,,,,
,,,,,
,,,,,
,,,,,
,,,,,
,,,,,
,,,,,
,,,,,
,,,,,
,,,,,
,,,,,
,,,,,
,,,,,
,,,,,
,,,,,
,,,,,
,,,,,
,,,,,
,,,,,
,,,,,
,,,,,
,,,,,
,,,,,
,,,,,
,,,,,
,,,,,
,,,,,
,,,,,
,,,,,
,,,,,
,,,,,
,,,,,
,,,,,
,,,,,
,,,,,
,,,,,
,,,,,
,,,,,
,,,,,
,,,,,
,,,,,
,,,,,
,,,,,
,,,,,
,,,,,
,,,,,
,,,,,
,,,,,
,,,,,
,,,,,
,,,,,
,,,,,
,,,,,
,,,,,
,,,,,
,,,,,
,,,,,
,,,,,
,,,,,
,,,,,
,,,,,
,,,,,
,,,,,
,,,,,
,,,,,
,,,,,
,,,,,
,,,,,
,,,,,
,,,,,
,,,,,
,,,,,
,,,,,
,,,,,
,,,,,
,,,,,
,,,,,
,,,,,
,,,,,
,,,,,
,,,,,
,,,,,
,,,,,
,,,,,
,,,,,
,,,,,
,,,,,
,,,,,
,,,,,
,,,,,
,,,,,
,,,,,
,,,,,
,,,,,
,,,,,
,,,,,
,,,,,
,,,,,
,,,,,
,,,,,
,,,,,
,,,,,
,,,,,
,,,,,
,,,,,
,,,,,
,,,,,
