product_id,product_name,product_category,product_price_aud,seller_id
PROD00001,Hair Strengthening Mask shea butter 4 pack,beauty,AUD 33.08,SELL0001
PROD00002,Hair Strengthening Mask shea butter 2 pack,beauty,AUD 31.97,SELL0001
PROD00003,Rain Jacket Light Green,clothes,AUD 47.09,SELL0002
PROD00004,Wireless Keyboard,electronics,AUD 85.97,SELL0003
PROD00005,Wall Clock - Minimalist (Blue),home,AUD 96.77,SELL0004
PROD00006,Highlighter Set Bright 4 pen,stationery,AUD 4.47,SELL0005
PROD00007,Slime Lab Blue 8pc,toys,AUD 38.25,SELL0006
PROD00008,Slime Lab Green 8pc,toys,AUD 38.25,SELL0006
PROD00009,Heat Therapy Pad,health,AUD 79.16,SELL0007
PROD00010,Summer Dress - Floral,clothes,AUD 30.71,SELL0008
PROD00011,Summer Dress - Floral Blue,clothes,AUD 30.12,SELL0008
PROD00012,Whiteboard Markers - 6 pack,stationery,AUD 7.06,SELL0010
PROD00013,Heat Therapy Pad,health,AUD 37.40,SELL0011
PROD00014,Waterproof Picnic Mat 100x100,outdoor,AUD 46.45,SELL0012
PROD00015,Garden Lights 4 pack Solar Power,outdoor,AUD 48.06,SELL0014
PROD00016,Stainless Steel Grill Basket XL,outdoor,AUD 73.55,SELL0015
PROD00017,BBQ Skewers - 12 pack (Bamboo),outdoor,AUD 13.71,SELL0016
PROD00018,Waterproof Picnic Mat 100x100,outdoor,AUD 40.12,SELL0016
PROD00019,Hydrating Face Mist,beauty,AUD 10.94,SELL0017
PROD00020,BBQ Skewers - 12 pack (Stainless Steel),outdoor,AUD 15.05,SELL0009
PROD00021,Garden Lights 10 pack Solar Power,outdoor,AUD 113.99,SELL0017
PROD00022,BBQ Skewers - 24 pack (Stainless Steel),outdoor,AUD 27.05,SELL0018
PROD00023,Stainless Steel Grill Basket XL,outdoor,AUD 98.38,SELL0018
PROD00024,BBQ Skewers - 24 pack (Bamboo),outdoor,AUD 23.99,SELL0018
PROD00025,Vit C Serum Revitalising 50ml,beauty,AUD 11.28,SELL0018
PROD00026,Digital Thermometer (Yellow),health,AUD 43.18,SELL0018
PROD00027,Pendant Necklace - Rose Gold,jewellery,AUD 28.22,SELL0019
PROD00028,Permanent markers 6 pack black,stationery,AUD 8.39,SELL0019
PROD00029,Permanent markers 6 pack blue,stationery,AUD 10.39,SELL0020
PROD00030,Pendant Necklace - Rose Gold,jewellery,AUD 49.31,SELL0021
PROD00031,Solar Garden Light Set (4 pack),outdoor,AUD 43.27,SELL0021
PROD00032,Solar Garden Light Set (8 pack),outdoor,AUD 115.39,SELL0021
PROD00033,Kite Blue,toys,AUD 24.94,SELL0021
PROD00034,Kite Red,toys,AUD 19.37,SELL0021
PROD00035,Snorkel Set - Child,toys,AUD 17.94,SELL0022
PROD00036,Snorkel Set - Child Pink,toys,AUD 38.63,SELL0022
PROD00037,Outdoor Oven Gloves (Red),outdoor,AUD 24.22,SELL0022
PROD00038,Outdoor Oven Gloves (Pink),outdoor,AUD 45.46,SELL0022
PROD00039,Vit C Serum Revitalising 100ml,beauty,AUD 13.01,SELL0022
PROD00040,Body Lotion - Shea Butter 200ml,beauty,AUD 25.82,SELL0023
PROD00041,Body Lotion - Shea Butter 500ml,beauty,AUD 14.11,SELL0023
PROD00042,Fairy Lights Outdoor Garden String 100,outdoor,AUD 38.39,SELL0023
PROD00043,Fairy Lights Outdoor Garden String 200,outdoor,AUD 55.89,SELL0023
PROD00044,Unisex Hoodie - Blue XXXL,clothes,AUD 54.17,SELL0023
PROD00045,Wireless Keyboard (Yellow),electronics,AUD 62.94,SELL0024
PROD00046,Unisex Hoodie - Black XXXL,clothes,AUD 54.17,SELL0025
PROD00047,Wireless Keyboard (Navy),electronics,AUD 89.80,SELL0026
PROD00048,Essential Oil Diffuser,home,AUD 34.87,SELL0026
PROD00049,Protein Shaker Bottle 600ml (White),home,AUD 31.51,SELL0027
PROD00050,Essential Oil Diffuser,home,AUD 29.36,SELL0028
PROD00051,Protein Shaker Bottle 600ml (Red),home,AUD 30.81,SELL0028
PROD00052,Glitter Gel Pens 4 pack,stationery,AUD 7.72,SELL0028
PROD00053,Bluetooth Speaker Portable 200W,electronics,AUD 27.42,SELL0029
PROD00054,Essential Oil Diffuser 200ml Bluetooth,home,AUD 71.10,SELL0029
PROD00055,Plush Giraffe Toy,toys,AUD 30.74,SELL0030
PROD00056,Yoga Mat 10mm,health,AUD 58.23,SELL0031
PROD00057,Gaming Mouse,electronics,AUD 26.58,SELL0032
PROD00058,Educational Puzzle - Jungle Animals,toys,AUD 36.26,SELL0032
PROD00059,Blending Sponge,beauty,AUD 15.04,SELL0032
PROD00060,Nail Polish - Coral,beauty,AUD 13.58,SELL0033
PROD00061,Cushion Fringe Red 60 x 40,home,AUD 53.38,SELL0033
PROD00062,Hydrating Face Mist,beauty,AUD 11.32,SELL0016
PROD00063,Wireless Keyboard Premium,electronics,AUD 109.54,SELL0033
PROD00064,Blood Pressure Monitor (White),health,AUD 55.35,SELL0034
PROD00065,Blood Pressure Monitor (Grey),health,AUD 47.70,SELL0034
PROD00066,BBQ Meat Thermometer Battery Powered,outdoor,AUD 21.37,SELL0034
PROD00067,Car Controlled Phone Remote,toys,AUD 23.30,SELL0034
PROD00068,Mini Plant Starter Kit,gift_sets,AUD 16.94,SELL0034
PROD00069,Scented Drawer Sachets Lavender,home,AUD 11.91,SELL0035
PROD00070,Portable Mini Grill,outdoor,AUD 117.79,SELL0035
PROD00071,Bath Bomb Variety Pack (Ylang ylang jasmine),gift_sets,AUD 39.85,SELL0035
PROD00072,Bubble Maker Machine (Red),outdoor,AUD 36.24,SELL0035
PROD00073,Wood Chips - Oak,outdoor,AUD 31.66,SELL0035
PROD00074,Wood Chips Smoked Mesquite Premium,outdoor,AUD 49.99,SELL0036
PROD00075,Indoor Plant Pot - Medium,home,AUD 45.51,SELL0036
PROD00076,paddling pool pink inflatable,outdoor,AUD 54.84,SELL0036
PROD00077,Scented Drawer Sachets Jasmine,home,AUD 26.76,SELL0036
PROD00078,Building Blocks 150 pc Unicorn Edition,toys,AUD 13.65,SELL0037
PROD00079,Digital Thermometer (Yellow),health,AUD 65.97,SELL0037
PROD00080,Mini Plant Starter Kit (Tulip),gift_sets,AUD 39.36,SELL0037
PROD00081,Crystal Drop Earrings Clipon,jewellery,AUD 20.59,SELL0037
PROD00082,Candle Trio Gift Set Lily,gift_sets,AUD 19.89,SELL0037
PROD00083,Metal Ruler 30cm,stationery,AUD 6.78,SELL0037
PROD00084,Stainless Steel Cutting Board,home,AUD 46.55,SELL0037
PROD00085,Tea Lovers Hamper Earl Grey,gift_sets,AUD 22.33,SELL0037
PROD00086,Bath Bomb Strawberry Vanilla Gift Set,gift_sets,AUD 37.84,SELL0038
PROD00087,Floor Lamp Standing Tall LED,home,AUD 82.88,SELL0038
PROD00088,Sports Socks - 5 pack,clothes,AUD 27.88,SELL0039
PROD00089,Picnic basket,outdoor,AUD 43.42,SELL0039
PROD00090,Reed Oil Diffuser Pomegranate Bay Leaf,home,AUD 42.24,SELL0039
PROD00091,T‑Shirt XL Polycotton Black,clothes,AUD 27.76,SELL0039
PROD00092,Luxury Skincare Set Shea Vitamin,gift_sets,AUD 37.63,SELL0040
PROD00093,Highlighter Set Pens Yellow,stationery,AUD 12.88,SELL0040
PROD00094,BBQ Cleaning Fluid,outdoor,AUD 40.83,SELL0040
PROD00095,Plush Koala Toy,toys,AUD 20.13,SELL0040
PROD00096,Car racing track automatic launch,toys,AUD 7.88,SELL0040
PROD00097,blood pressure white premium medical grade,electronics,AUD 45.71,SELL0040
PROD00098,Solar Garden Light Set (8 pack),outdoor,AUD 115.39,SELL0021
PROD00099,Noise Cancelling Headphones,electronics,AUD 27.57,SELL0041
PROD00100,Pearl Stud Earrings Genuine Pearl,jewellery,AUD 58.45,SELL0041
PROD00101,Dark Chocolate Selection Box,gift_sets,AUD 32.44,SELL0041
PROD00102,Glittertube Makeup Set Kids,toys,AUD 17.66,SELL0041
PROD00103,Cotton T‑Shirt Green XL,clothes,AUD 39.99,SELL0041
PROD00104,OutdoorOven Oven Gloves (Green),outdoor,AUD 44.42,SELL0041
PROD00105,Yoga Mat - 8mm Thick,health,AUD 26.98,SELL0042
PROD00106,Train Set 9 trains,toys,AUD 37.13,SELL0042
PROD00107,Rain Jacket Red L,clothes,AUD 41.73,SELL0042
PROD00108,Premium Soy Candle Orange Blossom,home,AUD 91.41,SELL0042
PROD00109,Sterling Silver Necklace,jewellery,AUD 13.16,SELL0042
PROD00110,Organic Lip Balm - Cherry,beauty,AUD 15.99,SELL0043
PROD00111,Kids Cotton Pyjamas 18month,clothes,AUD 37.79,SELL0043
PROD00112,Cotton Bath Towel Set (Green),home,AUD 84.31,SELL0043
PROD00113,Rain Jacket Red XS,clothes,AUD 53.50,SELL0043
PROD00114,"Portable Power Bank 10,000mAh Grey",electronics,AUD 86.44,SELL0024
PROD00115,Wireless Bluetooth Earbuds Noise Cancel,electronics,AUD 112.50,SELL0024
PROD00116,Waterproof Mat Beach,outdoor,AUD 55.56,SELL0044
PROD00117,Anklet - Gold,jewellery,AUD 13.95,SELL0044
PROD00118,Unisex Hoodie - Black XXL,clothes,AUD 53.17,SELL0044
PROD00119,Solar Garden Light,outdoor,AUD 51.49,SELL0045
PROD00120,Rain Jacket Red XXS,clothes,AUD 25.48,SELL0045
PROD00121,Serving Bowl Blue,home,AUD 16.81,SELL0045
PROD00122,Scented Candle Rose,beauty,AUD 9.81,SELL0045
PROD00123,Compact Hiking Backpack 20L,clothes,AUD 42.20,SELL0045
PROD00124,Pillowcase Silk Navy Pair,home,AUD 84.85,SELL0046
PROD00125,Charm Bracelet gold,jewellery,AUD 13.79,SELL0046
PROD00126,Whiteboard Markers 6pc,stationery,AUD 5.49,SELL0046
PROD00127,Hickory Wood Chips Large Bag,outdoor,AUD 92.15,SELL0046
PROD00128,Spa Pamper Gift Set For Him,gift_sets,AUD 37.34,SELL0046
PROD00129,Hose Garden Red,outdoor,AUD 87.86,SELL0047
PROD00130,Kite Glitter,toys,AUD 12.31,SELL0047
PROD00131,Koala Stuffed Toy,toys,AUD 37.72,SELL0047
PROD00132,Binder Clips - 20 pack,stationery,AUD 8.00,SELL0047
PROD00133,Building Blocks 300 pcs Special Edition space,toys,AUD 35.11,SELL0047
PROD00134,Highlighter Set Bright 7 pen,stationery,AUD 10.76,SELL0048
PROD00135,Garden Light Sun Powered No Recharge,outdoor,AUD 48.81,SELL0048
PROD00136,Rainbow Kite - Light-Up,toys,AUD 20.31,SELL0049
PROD00137,Whiteoard Markers - 3 pack,stationery,AUD 7.57,SELL0049
PROD00138,Premium Pencil Case (Glitter),stationery,AUD 8.36,SELL0049
PROD00139,Makeup Sponge Pack (Orange) 2 pc,beauty,AUD 9.63,SELL0049
PROD00140,Wireless Bluetooth Earbuds,electronics,AUD 81.81,SELL0049
PROD00141,Luxury Skincare Set Gold Peel,gift_sets,AUD 27.16,SELL0050
PROD00142,Bluetooth Speaker - Portable,electronics,AUD 62.17,SELL0051
PROD00143,Foam Roller - Firm Blue Large,health,AUD 49.21,SELL0051
PROD00144,Scented Soy Candle - Lavender,home,AUD 16.88,SELL0052
PROD00145,Wall Clock - Minimalist,home,AUD 96.77,SELL0052
PROD00146,Spa Pamper Gift Set For Her,gift_sets,AUD 37.34,SELL0053
PROD00147,Portable Mini Grill Gas Fire,outdoor,AUD 88.21,SELL0053
PROD00148,Jewellery Box Birch,jewellery,AUD 35.02,SELL0053
PROD00149,Tea Lovers Hamper Vegemite Edition,gift_sets,AUD 14.62,SELL0053
PROD00150,Indoor Plant Pot - Large,home,AUD 72.36,SELL0054
PROD00151,Kite Blue,toys,AUD 24.94,SELL0021
PROD00152,Women’s Active Leggings L,clothes,AUD 42.11,SELL0054
PROD00153,Digital Thermometer Battery Powered,health,AUD 48.80,SELL0054
PROD00154,Pendant Necklace Silver,beauty,AUD 23.68,SELL0055
PROD00155,Kids Paint Kit,toys,AUD 16.22,SELL0055
PROD00156,Cotton T‑Shirt Black M,clothes,AUD 37.99,SELL0056
PROD00157,Organic Lip Balm - Mint,beauty,AUD 16.15,SELL0057
PROD00158,LED Light Bulb Reusable,electronics,AUD 88.29,SELL0057
PROD00159,Kids Paint Kit (Blue),toys,AUD 13.70,SELL0047
PROD00160,Kids Paint Kit (Yellow),toys,AUD 13.70,SELL0047
PROD00161,Kids Paint Kit (White),toys,AUD 13.70,SELL0047
PROD00162,Kids Paint Kit (Grey),toys,AUD 13.70,SELL0047
PROD00163,Kids Paint Kit (Navy),toys,AUD 13.70,SELL0047
PROD00164,Ceramic Vase - Sand Finish,home,AUD 89.07,SELL0057
PROD00165,Tea Lovers Hamper Breakfast,gift_sets,AUD 25.07,SELL0057
PROD00166,Minimalist Ring Set,jewellery,AUD 25.08,SELL0057
PROD00167,Scented gel pen 20 pack pastel party,stationery,AUD 12.82,SELL0057
PROD00168,Pearl Stud Earrings,jewellery,AUD 33.36,SELL0058
PROD00169,Pearl Stud Earrings Cluster,jewellery,AUD 31.11,SELL0058
PROD00170,Ice bucket outdoor beers garden picnic,outdoor,AUD 75.24,SELL0058
PROD00171,Men’s Chino Shorts S,clothes,AUD 40.28,SELL0058
PROD00172,Coffee Sampler Pack,gift_sets,AUD 29.98,SELL0058
PROD00173,Drop Earrings Dangle Silver,jewellery,AUD 29.00,SELL0059
PROD00174,Gel Pen Set - 20 pack (Pastel),stationery,AUD 14.03,SELL0060
PROD00175,Pearl Earrings Stud,jewellery,AUD 36.35,SELL0060
PROD00176,Steel Grill Basket,outdoor,AUD 34.86,SELL0060
PROD00177,Desk Organizer Tray (Red),stationery,AUD 13.61,SELL0010
PROD00178,Desk Organizer Tray (Blue),stationery,AUD 4.17,SELL0010
PROD00179,Desk Organizer Tray (Grey),stationery,AUD 10.08,SELL0010
PROD00180,Desk Organizer Tray (Green),stationery,AUD 13.61,SELL0010
PROD00181,Men’s Chino Shorts L,clothes,AUD 54.90,SELL0061
PROD00182,Cotton T‑Shirt Green L,clothes,AUD 39.99,SELL0061
PROD00183,Beach Umbrella UV50,outdoor,AUD 45.15,SELL0061
PROD00184,Oil Diffuser ,home,AUD 83.03,SELL0062
PROD00185,Rain Jacket Red M,clothes,AUD 59.45,SELL0062
PROD00186,Foam Maker,toys,AUD 18.99,SELL0062
PROD00187,antique bronze necklace owl vintage,jewellery,AUD 24.70,SELL0062
PROD00188,Waterproof Mat,outdoor,AUD 110.01,SELL0062
PROD00189,Snorkel Set - Adult,outdoor,AUD 35.08,SELL0062
PROD00190,Jewellery Gift Box Clear Plastic 6 compartment,jewellery,AUD 48.51,SELL0062
PROD00191,Men’s Leather Band Bracelet,jewellery,AUD 47.32,SELL0062
PROD00192,Smart Home Hub,electronics,AUD 40.97,SELL0063
PROD00193,Beanie - Yellow (Wool),clothes,AUD 21.57,SELL0063
PROD00194,Water Gun Set,toys,AUD 29.09,SELL0064
PROD00195,Rose Water Toner,beauty,AUD 25.78,SELL0065
PROD00196,Kite Rainbow,toys,AUD 37.90,SELL0065
PROD00197,Blood Pressure Monitor Digital,health,AUD 40.75,SELL0066
PROD00198,Light up lawnmower AI powered,toys,AUD 24.19,SELL0067
PROD00199,Rain Jacket - Lightweight,clothes,AUD 32.42,SELL0067
PROD00200,BBQ Cleaning Brush,outdoor,AUD 30.95,SELL0067
PROD00201,BBQ Cleaning Brush XXL,outdoor,AUD 72.79,SELL0067
PROD00202,Body Lotion Shea Butter 1L,beauty,AUD 27.55,SELL0067
PROD00203,Smart LED Light Bulb 10W,electronics,AUD 61.93,SELL0067
PROD00204,USB C Fast Charger 30W (Black),electronics,AUD 38.56,SELL0067
PROD00205,Denim Shirt M,clothes,AUD 52.53,SELL0068
PROD00206,Cotton T‑Shirt L,clothes,AUD 24.29,SELL0068
PROD00207,Hydrating Face Mist 500ml,beauty,AUD 32.01,SELL0069
PROD00208,Oil Diffuser 700ml,home,AUD 57.20,SELL0069
PROD00209,Beach Umbrella - UV50+ White,outdoor,AUD 50.70,SELL0069
PROD00210,Unisex Hoodie - Navy XL,clothes,AUD 53.17,SELL0070
PROD00211,Essential Oil Diffuser Mains Powered,home,AUD 14.98,SELL0070
PROD00212,Educational Puzzle - Zoo Animals,toys,AUD 32.44,SELL0070
PROD00213,Sterling Silver 925 Stud Earrings Pair Ladybird,jewellery,AUD 52.35,SELL0063
PROD00214,Snorkel Set - Adult Small,outdoor,AUD 32.67,SELL0070
PROD00215,Drawer Organiser 5 sections,home,AUD 19.99,SELL0070
PROD00216,Inflatable Pool Mattress,outdoor,AUD 48.11,SELL0070
PROD00217,Sterling Silver 925 Earrings Pair Butterfly,jewellery,AUD 54.03,SELL0070
PROD00218,Lotion Cocoa Butter 50ml,beauty,AUD 22.23,SELL0071
PROD00219,Waterproof Picnic Mat Tartan,outdoor,AUD 74.39,SELL0072
PROD00220,Outdoor Oven Gloves,outdoor,AUD 45.46,SELL0072
PROD00221,Wooden Train Set,toys,AUD 26.26,SELL0072
PROD00222,Charcoal Starter Chimney XL,outdoor,AUD 93.44,SELL0072
PROD00223,Remote Control Car,toys,AUD 24.65,SELL0072
PROD00224,Stainless Steel BBQ Tools Set,outdoor,AUD 26.98,SELL0073
PROD00225,USB C Fast Charge 30W,electronics,AUD 23.36,SELL0073
PROD00226,Minimalist Ring Set (Black),jewellery,AUD 32.86,SELL0073
PROD00227,Tea Lovers Hamper Shapes Edition,gift_sets,AUD 19.03,SELL0073
PROD00228,Carbon Fiber Mug Set,home,AUD 64.55,SELL0074
PROD00229,Makeup Sponge Pack Orange,beauty,AUD 32.19,SELL0074
PROD00230,Face mask peel-off orange 3 pack,beauty,AUD 25.00,SELL0075
PROD00231,Jewellery Box Pink,jewellery,AUD 59.40,SELL0075
PROD00232,BBQ - Charcoal,outdoor,AUD 75.10,SELL0075
PROD00233,Educational Puzzle - Farm Animals,toys,AUD 36.58,SELL0075
PROD00234,Wool Beanie - Navy,clothes,AUD 20.75,SELL0039
PROD00235,Wool Beanie - Blue,clothes,AUD 20.75,SELL0039
PROD00236,Wool Beanie - Black,clothes,AUD 34.22,SELL0039
PROD00237,Ballpoint pen 6 pack,stationery,AUD 2.18,SELL0076
PROD00238,Skipping Rope,toys,AUD 26.73,SELL0076
PROD00239,Heat Therapy Pad Reusable,health,AUD 79.16,SELL0076
PROD00240,Garden Ornament Frog,outdoor,AUD 51.74,SELL0077
PROD00241,Highlighter Set Red Pens,stationery,AUD 5.60,SELL0078
PROD00242,gold Necklace stars,jewellery,AUD 16.90,SELL0078
PROD00243,Board Markers - 6 pack,stationery,AUD 6.22,SELL0016
PROD00244,Spa Pamper Gift Set Relaxing Calm,gift_sets,AUD 34.36,SELL0078
PROD00245,HD Webcam Computer,electronics,AUD 28.03,SELL0078
PROD00246,Charm Bracelet,jewellery,AUD 32.15,SELL0078
PROD00247,Bubble Maker Machine,toys,AUD 37.13,SELL0079
PROD00248,Rose Water Facial Toner,beauty,AUD 22.31,SELL0079
PROD00249,Tea Lovers Hamper,gift_sets,AUD 24.03,SELL0080
PROD00250,Highlighter 4pc Yellow,stationery,AUD 6.18,SELL0080
PROD00251,Waterproof Picnic Mat Pattern,outdoor,AUD 70.39,SELL0081
PROD00252,Men’s Chino Shorts M,clothes,AUD 56.67,SELL0081
PROD00253,Milk Chocolate Selection Box,gift_sets,AUD 19.09,SELL0081
PROD00254,Charm Bracelet 3 charms silver,jewellery,AUD 56.43,SELL0081
PROD00255,Wood Chips - Hickory,outdoor,AUD 31.66,SELL0081
PROD00256,Disposible Mini Grill,outdoor,AUD 48.14,SELL0081
PROD00257,Face Mist Vitamin E,beauty,AUD 17.28,SELL0082
PROD00258,Luxury Makeup Sponge Blend,beauty,AUD 31.59,SELL0082
PROD00259,Hair Strengthening Mask shea butter,beauty,AUD 22.28,SELL0082
PROD00260,Aloe Vera Gel 150ml,beauty,AUD 11.75,SELL0083
PROD00261,Aloe Vera Gel 200ml,beauty,AUD 6.91,SELL0083
PROD00262,Vitamin C Serum 50ml,beauty,AUD 15.09,SELL0001
PROD00263,Memory Foam Pillow Medium Firm x 2,home,AUD 119.30,SELL0078
PROD00264,Vitamin C Serum 50ml,beauty,AUD 32.26,SELL0084
PROD00265,Vitamin C Serum 30ml,beauty,AUD 22.24,SELL0084
PROD00266,Body Wash - Raspberry,beauty,AUD 14.85,SELL0082
PROD00267,Vitamin C Serum 50ml,beauty,AUD 15.49,SELL0084
PROD00268,Vitamin C Serum 200ml,beauty,AUD 16.11,SELL0085
PROD00269,Vitamin C Serum 50ml,beauty,AUD 26.20,SELL0001
PROD00270,Reusable Ice Pack (2 pack) (Grey),beauty,AUD 18.22,SELL0086
PROD00271,Aloe Vera Gel 200ml 2 pack,beauty,AUD 19.37,SELL0086
PROD00272,Aloe Vera Gel 150ml 2 pack,beauty,AUD 13.25,SELL0086
PROD00273,Denim Shirt L,clothes,AUD 47.71,SELL0086
PROD00274,Cotton T‑Shirt Green S,clothes,AUD 36.49,SELL0086
PROD00275,Denim S Child,clothes,AUD 27.32,SELL0086
PROD00276,Men’s Chino Shorts XL,clothes,AUD 44.13,SELL0086
PROD00277,Cotton T Black Small,clothes,AUD 37.99,SELL0086
PROD00278,Unisex Hoodie - Yellow M,clothes,AUD 54.17,SELL0086
PROD00279,Wool Beanie - Yellow,clothes,AUD 18.50,SELL0039
PROD00280,Wool Beanie - White,clothes,AUD 20.75,SELL0039
PROD00281,Rain Jacket Light Blue,clothes,AUD 42.21,SELL0086
PROD00282,Kids Cotton Pyjamas 3-5y,clothes,AUD 32.76,SELL0086
PROD00283,Kids Cotton Pyjamas 6-8y,clothes,AUD 32.76,SELL0086
PROD00284,Kids Cotton Pyjamas 9-11y,clothes,AUD 33.89,SELL0086
PROD00285,Women’s Active Leggings (Black),clothes,AUD 43.67,SELL0086
PROD00286,Women’s Active Leggings (Yellow),clothes,AUD 54.51,SELL0086
PROD00287,Women’s Active Leggings (Blue),clothes,AUD 43.67,SELL0086
PROD00288,Women’s Active Leggings (Grey),clothes,AUD 54.12,SELL0086
PROD00289,Unisex Hoodie - Grey L,clothes,AUD 53.17,SELL0039
PROD00290,Unisex Hoodie - Yellow L,clothes,AUD 53.17,SELL0039
PROD00291,Wireless Keyboard QWERTY,electronics,AUD 94.59,SELL0087
PROD00292,Portable Power Bank 20000mAh,electronics,AUD 47.75,SELL0024
PROD00293,Smart Light Bulb,electronics,AUD 32.54,SELL0087
PROD00294,Wireless Bluetooht Earphones,electronics,AUD 110.90,SELL0087
PROD00295,HD Webcam 1080p USB Desktop ring light new edition,electronics,AUD 63.50,SELL0024
PROD00296,HD Webcam 1080p USB Desktop,electronics,AUD 49.85,SELL0024
PROD00297,HD Webcam 1080p USB Desktop,electronics,AUD 97.88,SELL0024
PROD00298,Smart Home Hub (Navy) 2023,electronics,AUD 63.55,SELL0024
PROD00299,HD Webcam 1080p USB Desktop,electronics,AUD 101.00,SELL0087
PROD00300,Smart LED Light Bulb,electronics,AUD 62.26,SELL0087
PROD00301,Unisex Hoodie - Grey L,clothes,AUD 53.17,SELL0039
PROD00302,Unisex Hoodie - Yellow L,clothes,AUD 53.17,SELL0039
PROD00303,Smart Home Hub (Green) 2023,electronics,AUD 66.33,SELL0024
PROD00304,Smart LED Light Bulb,electronics,AUD 115.55,SELL0087
PROD00305,Smart Home Hub (Black) 2023,electronics,AUD 29.36,SELL0024
PROD00306,Smart LED Light Bulb,electronics,AUD 92.77,SELL0087
PROD00307,Noise Cancelling Headphones (Blue),electronics,AUD 63.84,SELL0088
PROD00308,Noise Cancelling Headphones (Red),electronics,AUD 63.84,SELL0088
PROD00309,Noise Cancelling Headphones (Yellow),electronics,AUD 63.84,SELL0088
PROD00310,Noise Cancelling Headphones (Green),electronics,AUD 63.84,SELL0088
PROD00311,Noise Cancelling Headphones (White),electronics,AUD 113.45,SELL0088
PROD00312,Noise Cancelling Headphones (Green),electronics,AUD 63.84,SELL0088
PROD00313,Noise Cancelling Headphones (Black),electronics,AUD 63.84,SELL0088
PROD00314,Noise Cancelling Headphones (Red),electronics,AUD 63.84,SELL0088
PROD00315,"Portable Power Bank 10,000mAh (Navy)",electronics,AUD 36.57,SELL0088
PROD00316,"Portable Power Bank 10,000mAh (White)",electronics,AUD 36.57,SELL0088
PROD00317,Candle Trio Gift Set Jasmine,gift_sets,AUD 19.89,SELL0088
PROD00318,Candle Trio Gift Set Rose,gift_sets,AUD 27.01,SELL0088
PROD00319,Spa Pamper Gift Set Fruity Mix,gift_sets,AUD 24.92,SELL0088
PROD00320,Mini Plant Starter Kit (Lily),gift_sets,AUD 33.89,SELL0088
PROD00321,Tea Lovers Hamper Darjelling,gift_sets,AUD 32.33,SELL0088
PROD00322,Bath Bomb Variety Pack (Rose lavender),gift_sets,AUD 13.54,SELL0088
PROD00323,White Chocolate Selection Box,gift_sets,AUD 21.81,SELL0088
PROD00324,Mini Plant Starter Kit (Diasy),gift_sets,AUD 33.89,SELL0088
PROD00325,Skincare Gift Set Exfoliating,gift_sets,AUD 21.49,SELL0088
PROD00326,Luxury Skincare Set Moisturiser Bath Bomb,gift_sets,AUD 32.71,SELL0088
PROD00327,Fruity Mango Bath Gel Gift Set,gift_sets,AUD 24.26,SELL0088
PROD00328,Baby Shower Gift Bundle (Pink),gift_sets,AUD 32.89,SELL0088
PROD00329,Cotton Bath Towel Set (Pink 4 pcs),home,AUD 34.35,SELL0027
PROD00330,Vase Ceramic Sand Finish Navy,home,AUD 49.80,SELL0027
PROD00331,Baby Shower Gift Bundle (Blue),gift_sets,AUD 32.89,SELL0088
PROD00332,Baby Shower Gift Bundle (Yellow),gift_sets,AUD 32.99,SELL0088
PROD00333,Mens Cologne Gift Set Tester Bottles,gift_sets,AUD 32.30,SELL0088
PROD00334,Blood Pressure Monitor bluetooth,health,AUD 75.05,SELL0089
PROD00335,Reusable Ice Pack (4 pack) Blue,health,AUD 27.99,SELL0089
PROD00336,Smartwatch Health Tracking,health,AUD 70.97,SELL0089
PROD00337,Yoga Mat - 10mm Thick (Green),health,AUD 72.82,SELL0089
PROD00338,Yoga Mat - 10mm Thick (White),health,AUD 77.99,SELL0089
PROD00339,Yoga Mat - 10mm Thick (Green),health,AUD 77.56,SELL0089
PROD00340,Adjustable Dumbbell 10kg,health,AUD 23.35,SELL0051
PROD00341,Adjustable Dumbbell 8kg,health,AUD 42.08,SELL0051
PROD00342,Adjustable Dumbbell 12kg,health,AUD 60.86,SELL0051
PROD00343,Adjustable Dumbbell 20kg,health,AUD 77.97,SELL0051
PROD00344,Adjustable Dumbbell 25kg,health,AUD 60.93,SELL0051
PROD00345,Protein Shaker Bottle 600ml,health,AUD 32.81,SELL0051
PROD00346,Protein Shaker Bottle 500ml,health,AUD 32.93,SELL0051
PROD00347,Foam Roller - Firm Blue,health,AUD 48.39,SELL0089
PROD00348,Protein Shaker Bottle 600ml,health,AUD 34.46,SELL0066
PROD00349,Hydrating Face Mist Vitamin E,beauty,AUD 15.83,SELL0083
PROD00350,Nail Polish - Midnight Sky,beauty,AUD 13.58,SELL0083
PROD00351,Aloe Vera Gel 500ml,beauty,AUD 17.83,SELL0083
PROD00352,Protein Shaker Bottle 400ml,health,AUD 39.67,SELL0066
PROD00353,Reusable Ice Pack (2 pack) (Green),health,AUD 27.17,SELL0090
PROD00354,Foam Roller - Firm Black,health,AUD 43.01,SELL0090
PROD00355,Foam Roller - Firm Red,health,AUD 48.39,SELL0090
PROD00356,Foam Roller - Firm Green,health,AUD 48.39,SELL0090
PROD00357,Reusable Ice Pack (2 pack) (Blue),health,AUD 22.50,SELL0090
PROD00358,Reusable Ice Pack (2 pack) (Grey),health,AUD 29.59,SELL0090
PROD00359,Indoor Plant Pot - XL,home,AUD 86.50,SELL0027
PROD00360,Silicone Laundry Basket - White,home,AUD 20.79,SELL0027
PROD00361,Sports Flask 500ml,home,AUD 47.29,SELL0027
PROD00362,Memory Foam Pillow Medium Firm,home,AUD 115.49,SELL0027
PROD00363,Memory Foam Pillow Firm x 2,home,AUD 46.25,SELL0027
PROD00364,Beeswax Candle - Mint Rosemary,home,AUD 34.11,SELL0027
PROD00365,Cotton Bath Towels Navy,home,AUD 29.46,SELL0090
PROD00366,Glass Serving Bowl Pattern Bubble,home,AUD 28.94,SELL0090
PROD00367,LED Floor Lamp Battery,home,AUD 29.92,SELL0090
PROD00368,Ceramic Vase Grey Sand,home,AUD 101.55,SELL0090
PROD00369,Rug 200cm x 180cm,home,AUD 107.11,SELL0027
PROD00370,Rug 200cm x 220cm,home,AUD 24.23,SELL0027
PROD00371,Rug 120cm x 200cm,home,AUD 28.83,SELL0027
PROD00372,Rug 220cm x 250cm,home,AUD 119.75,SELL0027
PROD00373,Rug 100cm x 250cm,home,AUD 115.35,SELL0027
PROD00374,Portable Camping Chair (Yellow),home,AUD 100.70,SELL0027
PROD00375,Scented Soy Candle - Oud,home,AUD 16.88,SELL0027
PROD00376,Adjustable Dumbbell 8kg,home,AUD 75.40,SELL0090
PROD00377,Adjustable Dumbbell 15kg,home,AUD 85.94,SELL0090
PROD00378,LED Floor Lamp,home,AUD 15.21,SELL0090
PROD00379,Vitamin C Serum 50ml,home,AUD 22.63,SELL0091
PROD00380,LED Floor Lamp,home,AUD 18.56,SELL0091
PROD00381,LED Floor Lamp,home,AUD 71.35,SELL0091
PROD00382,LED Floor Lamp,home,AUD 85.10,SELL0091
PROD00383,Weighted Blanket 7kg,home,AUD 75.01,SELL0091
PROD00384,Weighted Blanket 20kg,home,AUD 116.81,SELL0091
PROD00385,Weighted Blanket 8kg,home,AUD 64.71,SELL0091
PROD00386,Weighted Blanket 5kg,home,AUD 65.46,SELL0091
PROD00387,Decorative Cushion - Blue 60 x 60,home,AUD 21.89,SELL0091
PROD00388,Memory Foam Pillow Firm,home,AUD 110.10,SELL0091
PROD00389,Decorative Cushion - Navy 60 x 60,home,AUD 21.89,SELL0091
PROD00390,Wall Clock - Minimalist (Blue),home,AUD 66.88,SELL0091
PROD00391,Soy Candle Environmentally Friendly Rose,home,AUD 48.51,SELL0091
PROD00392,Jewellery Box White Oak,jewellery,AUD 59.61,SELL0091
PROD00393,Ring Set (Rose Gold),jewellery,AUD 49.13,SELL0092
PROD00394,Crystal Earrings Stud,jewellery,AUD 32.96,SELL0092
PROD00395,Gold-plated Hoop Earrings Pierced,jewellery,AUD 18.41,SELL0092
PROD00396,Minimalist Ring Set (Rose Gold),jewellery,AUD 33.75,SELL0092
PROD00397,Anklet - Silver Tone,jewellery,AUD 37.76,SELL0092
PROD00398,Pendant Necklace - Silver,jewellery,AUD 35.50,SELL0092
PROD00399,Gold-plated Hoop Earrings 8mm,jewellery,AUD 22.22,SELL0092
PROD00400,Gold-plated Hoop Earrings 4mm,jewellery,AUD 41.73,SELL0092
PROD00401,Gold-plated Hoop Earrings 5mm,jewellery,AUD 39.04,SELL0092
PROD00402,Gold-plated Hoop Earrings Crystal Clip,jewellery,AUD 21.10,SELL0092
PROD00403,Garden Ornament Gnome Red Spots,outdoor,AUD 48.82,SELL0092
PROD00404,BBQ Meat Thermometer Bluetooth,outdoor,AUD 81.02,SELL0092
PROD00405,Turtle Ornament Garden,outdoor,AUD 99.85,SELL0092
PROD00406,Solar Garden Light Set,outdoor,AUD 23.33,SELL0092
PROD00407,Bamboo Picnic Rug Recycled Material,outdoor,AUD 10.07,SELL0092
PROD00408,BBQ Meat Thermometer WiFi,outdoor,AUD 73.40,SELL0092
PROD00409,Portable Camping Chair (Blue),clothes,AUD 64.84,SELL0092
PROD00410,Portable Camping Chair (Yellow),outdoor,AUD 97.96,SELL0092
PROD00411,Portable Camping Chair (Red),outdoor,AUD 97.96,SELL0093
PROD00412,Portable Camping Chair (Green),outdoor,AUD 97.96,SELL0093
PROD00413,Camping Kettle 5L Green,outdoor,AUD 67.33,SELL0093
PROD00414,Camping Kettle 2L Navy,outdoor,AUD 67.33,SELL0093
PROD00415,Camping Kettle 5L Red,outdoor,AUD 67.33,SELL0093
PROD00416,Camping Kettle 5L Navy,outdoor,AUD 63.89,SELL0093
PROD00417,Camping Kettle 2L Black,outdoor,AUD 67.33,SELL0093
PROD00418,Building Blocks 100 pcs,toys,AUD 28.30,SELL0047
PROD00419,Building Blocks 600 pcs,toys,AUD 26.90,SELL0047
PROD00420,BBQ Apron - Black,outdoor,AUD 80.07,SELL0093
PROD00421,paddling pool blue inflatable fishes,outdoor,AUD 66.94,SELL0092
PROD00422,Beach Umbrella - UV50+ Floral,outdoor,AUD 50.15,SELL0092
PROD00423,BBQ Apron - Red,outdoor,AUD 97.17,SELL0093
PROD00424,Stainless Steel BBQ Tools Set (Navy),outdoor,AUD 25.41,SELL0093
PROD00425,Stainless Steel BBQ Tools Set (Grey),outdoor,AUD 26.98,SELL0093
PROD00426,Stainless Steel BBQ Tools Set (Green),outdoor,AUD 27.32,SELL0093
PROD00427,Compact Hiking Backpack 20L (Black),outdoor,AUD 114.87,SELL0093
PROD00428,Compact Hiking Backpack 20L (Blue),outdoor,AUD 114.11,SELL0093
PROD00429,Garden Hose 50m (Green),outdoor,AUD 87.51,SELL0093
PROD00430,Garden Hose 50m (Grey),outdoor,AUD 96.77,SELL0093
PROD00431,Garden Hose 20m (Grey),outdoor,AUD 55.99,SELL0093
PROD00432,Garden Hose 20m (Green),outdoor,AUD 57.98,SELL0093
PROD00433,Hand Grip Strengthener (Yellow),health,AUD 23.43,SELL0051
PROD00434,Hand Grip Strengthener (Grey),health,AUD 24.44,SELL0051
PROD00435,Hand Grip Strengthener (Red),health,AUD 28.76,SELL0051
PROD00436,Hand Grip Strengthener (Blue),health,AUD 20.39,SELL0051
PROD00437,BBQ Grill Mat - Non‑stick (Red),outdoor,AUD 63.60,SELL0093
PROD00438,BBQ Grill Mat - Non‑stick (Navy),outdoor,AUD 54.41,SELL0093
PROD00439,BBQ Grill Mat - Non‑stick (Blue),outdoor,AUD 60.60,SELL0093
PROD00440,BBQ Grill Mat - Non‑stick (Grey),outdoor,AUD 57.46,SELL0094
PROD00441,Waterproof Picnic Mat,outdoor,AUD 26.70,SELL0094
PROD00442,Waterproof Picnic Mat,outdoor,AUD 44.92,SELL0094
PROD00443,BBQ Apron - Blue,outdoor,AUD 80.07,SELL0094
PROD00444,Stainless Steel Grill Basket,outdoor,AUD 20.55,SELL0094
PROD00445,Stainless Steel Grill Basket,outdoor,AUD 73.94,SELL0094
PROD00446,Metal Ruler 30cm (Blue),stationery,AUD 14.46,SELL0094
PROD00447,Weekly Planner Pad,stationery,AUD 3.23,SELL0010
PROD00448,Sticky Notes Cube 200pc,stationery,AUD 5.11,SELL0094
PROD00449,A5 Notebook - Lined,stationery,AUD 11.10,SELL0010
PROD00450,Gel Pen Set - 10 pack (Blue),stationery,AUD 6.85,SELL0010
PROD00451,Gel Pen Set - 4 pack (Black),stationery,AUD 6.81,SELL0010
PROD00452,Gel Pen Set - 10 pack (Black),stationery,AUD 7.32,SELL0010
PROD00453,Premium Pencil Case (Black),stationery,AUD 14.36,SELL0095
PROD00454,Premium Pencil Case (Green),stationery,AUD 2.55,SELL0095
PROD00455,Remote Control Car Vroom Noise,toys,AUD 38.72,SELL0095
PROD00456,Plush Zebra Toy,toys,AUD 17.50,SELL0095
PROD00457,building blocks 800 pc,toys,AUD 24.92,SELL0095
PROD00458,Talking doll happy smile matching outfit,toys,AUD 21.04,SELL0095
PROD00459,Wooden Train Set,toys,AUD 26.48,SELL0095
PROD00460,Kids Paint Kit (Green),toys,AUD 13.70,SELL0095
PROD00461,Wooden Train Set,outdoor,AUD 21.00,SELL0047
PROD00462,Wooden Train Set,toys,AUD 37.23,SELL0095
,,,,
,,,,
,,,,
,,,,
,,,,
,,,,
,,,,
,,,,
,,,,
,,,,
,,,,
,,,,
,,,,
,,,,
,,,,
,,,,
,,,,
,,,,
,,,,
,,,,
,,,,
,,,,
,,,,
,,,,
,,,,
,,,,
,,,,
,,,,
,,,,
,,,,
,,,,
,,,,
,,,,
,,,,
,,,,
,,,,
,,,,
,,,,
,,,,
,,,,
,,,,
,,,,
,,,,
,,,,
,,,,
,,,,
,,,,
,,,,
,,,,
,,,,
,,,,
,,,,
,,,,
,,,,
,,,,
,,,,
,,,,
,,,,
,,,,
,,,,
,,,,
,,,,
,,,,
,,,,
,,,,
,,,,
,,,,
,,,,
,,,,
,,,,
,,,,
,,,,
,,,,
,,,,
,,,,
,,,,
,,,,
,,,,
,,,,
,,,,
,,,,
,,,,
,,,,
,,,,
,,,,
,,,,
,,,,
,,,,
,,,,
,,,,
,,,,
,,,,
,,,,
,,,,
,,,,
,,,,
,,,,
,,,,
,,,,
,,,,
,,,,
,,,,
,,,,
,,,,
,,,,
,,,,
,,,,
,,,,
,,,,
,,,,
,,,,
,,,,
,,,,
,,,,
,,,,
,,,,
,,,,
,,,,
,,,,
,,,,
,,,,
,,,,
,,,,
,,,,
,,,,
,,,,
,,,,
,,,,
,,,,
,,,,
,,,,
,,,,
,,,,
,,,,
,,,,
,,,,
,,,,
,,,,
,,,,
,,,,
,,,,
,,,,
,,,,
,,,,
,,,,
,,,,
,,,,
,,,,
,,,,
,,,,
,,,,
,,,,
,,,,
,,,,
,,,,
,,,,
,,,,
,,,,
,,,,
,,,,
,,,,
,,,,
,,,,
,,,,
,,,,
,,,,
,,,,
,,,,
,,,,
,,,,
,,,,
,,,,
,,,,
,,,,
,,,,
,,,,
,,,,
,,,,
,,,,
,,,,
,,,,
,,,,
,,,,
,,,,
,,,,
,,,,
,,,,
,,,,
,,,,
,,,,
,,,,
,,,,
,,,,
,,,,
,,,,
,,,,
,,,,
,,,,
,,,,
,,,,
,,,,
,,,,
,,,,
,,,,
,,,,
,,,,
,,,,
,,,,
,,,,
,,,,
,,,,
,,,,
,,,,
,,,,
,,,,
,,,,
,,,,
,,,,
,,,,
,,,,
,,,,
,,,,
,,,,
,,,,
,,,,
,,,,
,,,,
,,,,
,,,,
,,,,
,,,,
,,,,
,,,,
,,,,
,,,,
,,,,
,,,,
,,,,
,,,,
,,,,
,,,,
,,,,
,,,,
,,,,
,,,,
,,,,
,,,,
,,,,
,,,,
,,,,
,,,,
,,,,
,,,,
,,,,
,,,,
,,,,
,,,,
,,,,
,,,,
,,,,
,,,,
,,,,
,,,,
,,,,
,,,,
,,,,
,,,,
,,,,
,,,,
,,,,
,,,,
,,,,
,,,,
,,,,
,,,,
,,,,
,,,,
,,,,
,,,,
,,,,
,,,,
,,,,
,,,,
,,,,
,,,,
,,,,
,,,,
,,,,
,,,,
,,,,
,,,,
,,,,
,,,,
,,,,
,,,,
,,,,
,,,,
,,,,
,,,,
,,,,
,,,,
,,,,
,,,,
,,,,
,,,,
,,,,
,,,,
,,,,
,,,,
,,,,
,,,,
,,,,
,,,,
,,,,
,,,,
,,,,
,,,,
,,,,
,,,,
,,,,
,,,,
,,,,
,,,,
,,,,
,,,,
,,,,
,,,,
,,,,
,,,,
,,,,
,,,,
,,,,
,,,,
,,,,
,,,,
,,,,
,,,,
,,,,
,,,,
,,,,
,,,,
,,,,
,,,,
,,,,
,,,,
,,,,
,,,,
,,,,
,,,,
,,,,
,,,,
,,,,
,,,,
,,,,
,,,,
,,,,
,,,,
,,,,
,,,,
,,,,
,,,,
,,,,
,,,,
,,,,
,,,,
,,,,
,,,,
,,,,
,,,,
,,,,
,,,,
,,,,
,,,,
,,,,
,,,,
,,,,
,,,,
,,,,
,,,,
,,,,
,,,,
,,,,
,,,,
,,,,
,,,,
,,,,
,,,,
,,,,
,,,,
,,,,
,,,,
,,,,
,,,,
,,,,
,,,,
,,,,
,,,,
,,,,
,,,,
,,,,
,,,,
,,,,
,,,,
,,,,
,,,,
,,,,
,,,,
,,,,
,,,,
,,,,
,,,,
,,,,
,,,,
,,,,
,,,,
,,,,
,,,,
,,,,
,,,,
,,,,
,,,,
,,,,
,,,,
,,,,
,,,,
,,,,
,,,,
,,,,
,,,,
,,,,
,,,,
,,,,
,,,,
,,,,
,,,,
,,,,
,,,,
,,,,
,,,,
,,,,
,,,,
,,,,
,,,,
,,,,
,,,,
,,,,
,,,,
,,,,
,,,,
,,,,
,,,,
,,,,
,,,,
,,,,
,,,,
,,,,
,,,,
,,,,
,,,,
,,,,
,,,,
,,,,
,,,,
,,,,
,,,,
,,,,
,,,,
,,,,
,,,,
,,,,
,,,,
,,,,
,,,,
,,,,
,,,,
,,,,
,,,,
,,,,
,,,,
,,,,
,,,,
,,,,
,,,,
,,,,
,,,,
,,,,
,,,,
,,,,
,,,,
,,,,
,,,,
,,,,
,,,,
,,,,
,,,,
,,,,
,,,,
,,,,
,,,,
,,,,
,,,,
,,,,
,,,,
,,,,
,,,,
,,,,
,,,,
,,,,
,,,,
,,,,
,,,,
,,,,
,,,,
,,,,
,,,,
,,,,
,,,,
,,,,
,,,,
,,,,
,,,,
,,,,
,,,,
,,,,
,,,,
,,,,
,,,,
,,,,
,,,,
,,,,
,,,,
,,,,
,,,,
,,,,
,,,,
,,,,
,,,,
