order_id,product_id,product_quantity
ORD000001,PROD00077,1
ORD000002,PROD00191,1
ORD000003,PROD00230,1
ORD000004,PROD00204,1
ORD000005,PROD00452,1
ORD000006,PROD00084,1
ORD000007,PROD00283,1
ORD000008,PROD00081,1
ORD000009,PROD00171,1
ORD000010,PROD00240,1
ORD000011,PROD00019,2
ORD000011,PROD00240,1
ORD000011,PROD00409,1
ORD000012,PROD00059,1
ORD000012,PROD00324,1
ORD000013,PROD00007,1
ORD000014,PROD00108,2
ORD000014,PROD00120,1
ORD000014,PROD00159,1
ORD000015,PROD00200,1
ORD000016,PROD00172,1
ORD000016,PROD00228,1
ORD000017,PROD00422,1
ORD000018,PROD00360,1
ORD000019,PROD00084,2
ORD000020,PROD00142,1
ORD000021,PROD00196,1
ORD000022,PROD00198,1
ORD000023,PROD00362,1
ORD000024,PROD00197,1
ORD000025,PROD00211,1
ORD000025,PROD00315,2
ORD000025,PROD00404,1
ORD000026,PROD00087,2
ORD000027,PROD00215,2
ORD000028,PROD00276,1
ORD000029,PROD00234,1
ORD000029,PROD00425,1
ORD000030,PROD00101,1
ORD000031,PROD00137,1
ORD000032,PROD00401,1
ORD000032,PROD00457,1
ORD000033,PROD00050,1
ORD000033,PROD00187,1
ORD000034,PROD00236,1
ORD000035,PROD00090,2
ORD000035,PROD00119,1
ORD000035,PROD00240,1
ORD000035,PROD00379,1
ORD000036,PROD00250,1
ORD000037,PROD00115,1
ORD000038,PROD00323,1
ORD000039,PROD00276,1
ORD000039,PROD00290,2
ORD000039,PROD00428,1
ORD000040,PROD00315,1
ORD000041,PROD00056,1
ORD000041,PROD00093,1
ORD000042,PROD00363,2
ORD000043,PROD00096,1
ORD000043,PROD00426,1
ORD000044,PROD00090,1
ORD000045,PROD00197,1
ORD000045,PROD00264,1
ORD000046,PROD00336,1
ORD000047,PROD00277,1
ORD000048,PROD00381,1
ORD000049,PROD00407,1
ORD000050,PROD00111,1
ORD000051,PROD00192,1
ORD000051,PROD00239,1
ORD000052,PROD00155,1
ORD000053,PROD00327,2
ORD000054,PROD00448,1
ORD000055,PROD00313,2
ORD000056,PROD00263,1
ORD000056,PROD00397,1
ORD000057,PROD00102,1
ORD000057,PROD00342,1
ORD000057,PROD00458,2
ORD000058,PROD00253,1
ORD000059,PROD00147,1
ORD000060,PROD00128,1
ORD000060,PROD00296,1
ORD000061,PROD00131,1
ORD000062,PROD00346,1
ORD000062,PROD00418,1
ORD000063,PROD00199,1
ORD000063,PROD00214,2
ORD000064,PROD00115,1
ORD000064,PROD00215,1
ORD000065,PROD00010,1
ORD000065,PROD00212,1
ORD000065,PROD00304,1
ORD000066,PROD00158,1
ORD000067,PROD00015,1
ORD000067,PROD00265,2
ORD000068,PROD00321,1
ORD000069,PROD00053,1
ORD000070,PROD00052,1
ORD000070,PROD00140,1
ORD000071,PROD00198,1
ORD000072,PROD00028,1
ORD000072,PROD00057,1
ORD000072,PROD00428,1
ORD000073,PROD00159,1
ORD000074,PROD00056,1
ORD000074,PROD00269,1
ORD000074,PROD00286,2
ORD000075,PROD00263,1
ORD000076,PROD00358,1
ORD000076,PROD00416,2
ORD000077,PROD00156,1
ORD000078,PROD00077,2
ORD000078,PROD00373,1
ORD000079,PROD00195,1
ORD000080,PROD00017,3
ORD000080,PROD00044,1
ORD000081,PROD00032,1
ORD000081,PROD00224,1
ORD000081,PROD00424,1
ORD000082,PROD00061,2
ORD000082,PROD00066,1
ORD000082,PROD00135,1
ORD000082,PROD00400,1
ORD000083,PROD00042,2
ORD000084,PROD00024,1
ORD000085,PROD00374,1
ORD000085,PROD00442,1
ORD000086,PROD00332,1
ORD000087,PROD00038,2
ORD000088,PROD00232,1
ORD000088,PROD00444,1
ORD000089,PROD00444,1
ORD000090,PROD00374,2
ORD000090,PROD00404,1
ORD000091,PROD00041,1
ORD000091,PROD00426,1
ORD000092,PROD00202,2
ORD000092,PROD00255,1
ORD000092,PROD00351,1
ORD000093,PROD00018,1
ORD000093,PROD00407,2
ORD000094,PROD00017,1
ORD000094,PROD00122,1
ORD000094,PROD00307,1
ORD000095,PROD00037,1
ORD000096,PROD00234,1
ORD000097,PROD00042,1
ORD000098,PROD00104,1
ORD000099,PROD00070,2
ORD000100,PROD00015,1
ORD000101,PROD00072,2
ORD000102,PROD00169,1
ORD000103,PROD00066,1
ORD000103,PROD00385,1
ORD000104,PROD00305,1
ORD000104,PROD00307,1
ORD000105,PROD00047,1
ORD000105,PROD00055,1
ORD000106,PROD00242,1
ORD000107,PROD00214,1
ORD000107,PROD00230,1
ORD000107,PROD00416,1
ORD000108,PROD00201,2
ORD000108,PROD00250,2
ORD000109,PROD00016,1
ORD000109,PROD00306,1
ORD000110,PROD00040,1
ORD000110,PROD00402,1
ORD000111,PROD00159,2
ORD000111,PROD00305,1
ORD000112,PROD00424,1
ORD000113,PROD00037,2
ORD000114,PROD00032,1
ORD000114,PROD00389,1
ORD000115,PROD00017,3
ORD000116,PROD00124,1
ORD000116,PROD00240,1
ORD000117,PROD00094,1
ORD000117,PROD00137,1
ORD000118,PROD00037,1
ORD000118,PROD00444,2
ORD000119,PROD00018,1
ORD000119,PROD00407,1
ORD000120,PROD00407,1
ORD000120,PROD00416,1
ORD000121,PROD00020,2
ORD000121,PROD00042,3
ORD000122,PROD00188,1
ORD000123,PROD00014,1
ORD000124,PROD00022,1
ORD000124,PROD00030,2
ORD000124,PROD00083,1
ORD000124,PROD00214,1
ORD000125,PROD00182,1
ORD000126,PROD00066,1
ORD000126,PROD00358,2
ORD000127,PROD00407,1
ORD000127,PROD00442,1
ORD000128,PROD00407,1
ORD000129,PROD00006,2
ORD000129,PROD00237,2
ORD000130,PROD00425,1
ORD000131,PROD00429,2
ORD000132,PROD00072,1
ORD000133,PROD00406,1
ORD000134,PROD00275,1
ORD000134,PROD00443,1
ORD000135,PROD00212,1
ORD000135,PROD00229,1
ORD000136,PROD00017,1
ORD000136,PROD00443,2
ORD000137,PROD00429,1
ORD000138,PROD00215,2
ORD000138,PROD00392,1
ORD000139,PROD00275,1
ORD000140,PROD00421,1
ORD000140,PROD00424,1
ORD000141,PROD00438,1
ORD000142,PROD00209,1
ORD000143,PROD00320,1
ORD000143,PROD00387,1
ORD000143,PROD00406,1
ORD000144,PROD00017,1
ORD000144,PROD00388,2
ORD000145,PROD00072,2
ORD000145,PROD00164,1
ORD000146,PROD00089,1
ORD000146,PROD00272,2
ORD000147,PROD00176,1
ORD000148,PROD00222,2
ORD000149,PROD00240,1
ORD000149,PROD00416,2
ORD000150,PROD00017,1
ORD000150,PROD00104,1
ORD000150,PROD00170,2
ORD000150,PROD00340,1
ORD000151,PROD00020,1
ORD000152,PROD00016,1
ORD000152,PROD00402,1
ORD000153,PROD00028,1
ORD000153,PROD00443,1
ORD000154,PROD00038,1
ORD000154,PROD00170,1
ORD000155,PROD00098,1
ORD000155,PROD00414,1
ORD000156,PROD00126,1
ORD000157,PROD00167,1
ORD000157,PROD00394,1
ORD000157,PROD00416,1
ORD000158,PROD00014,1
ORD000158,PROD00176,1
ORD000158,PROD00354,1
ORD000158,PROD00424,1
ORD000159,PROD00017,1
ORD000160,PROD00406,1
ORD000161,PROD00407,1
ORD000162,PROD00029,1
ORD000163,PROD00136,2
ORD000164,PROD00443,1
ORD000165,PROD00201,1
ORD000165,PROD00369,1
ORD000166,PROD00250,1
ORD000166,PROD00435,1
ORD000167,PROD00020,1
ORD000168,PROD00214,1
ORD000169,PROD00460,1
ORD000170,PROD00014,1
ORD000170,PROD00331,1
ORD000171,PROD00070,1
ORD000172,PROD00158,1
ORD000173,PROD00092,1
ORD000173,PROD00340,2
ORD000173,PROD00364,6
ORD000174,PROD00321,1
ORD000175,PROD00196,1
ORD000175,PROD00324,1
ORD000176,PROD00035,1
ORD000176,PROD00192,1
ORD000177,PROD00028,1
ORD000177,PROD00147,1
ORD000178,PROD00302,1
ORD000178,PROD00448,1
ORD000179,PROD00118,1
ORD000179,PROD00127,1
ORD000179,PROD00256,5
ORD000180,PROD00045,1
ORD000180,PROD00113,1
ORD000180,PROD00237,1
ORD000181,PROD00235,1
ORD000182,PROD00148,1
ORD000182,PROD00458,1
ORD000183,PROD00122,1
ORD000183,PROD00319,1
ORD000184,PROD00428,1
ORD000185,PROD00071,1
ORD000186,PROD00238,1
ORD000186,PROD00455,1
ORD000187,PROD00032,1
ORD000188,PROD00379,1
ORD000306,PROD00047,1
ORD000306,PROD00277,2
ORD000306,PROD00458,1
ORD000189,PROD00149,1
ORD000190,PROD00439,1
ORD000304,PROD00016,1
ORD000191,PROD00050,1
ORD000191,PROD00312,1
ORD000192,PROD00051,1
ORD000193,PROD00211,1
ORD000194,PROD00008,1
ORD000195,PROD00059,1
ORD000196,PROD00197,1
ORD000197,PROD00155,1
ORD000198,PROD00080,1
ORD000199,PROD00398,2
ORD000200,PROD00175,1
ORD000201,PROD00168,1
ORD000202,PROD00271,2
ORD000203,PROD00048,1
ORD000203,PROD00297,1
ORD000203,PROD00435,1
ORD000305,PROD00213,1
ORD000204,PROD00073,1
ORD000204,PROD00212,1
ORD000303,PROD00044,1
ORD000303,PROD00172,1
ORD000205,PROD00408,1
ORD000206,PROD00086,1
ORD000206,PROD00276,1
ORD000206,PROD00426,1
ORD000207,PROD00286,2
ORD000208,PROD00037,1
ORD000208,PROD00125,1
ORD000208,PROD00360,1
ORD000209,PROD00264,1
ORD000209,PROD00370,1
ORD000210,PROD00036,1
ORD000211,PROD00173,1
ORD000211,PROD00204,1
ORD000212,PROD00064,1
ORD000212,PROD00199,1
ORD000212,PROD00394,1
ORD000213,PROD00046,1
ORD000213,PROD00086,1
ORD000213,PROD00265,1
ORD000213,PROD00311,1
ORD000214,PROD00052,3
ORD000214,PROD00390,1
ORD000215,PROD00194,1
ORD000215,PROD00225,1
ORD000216,PROD00043,1
ORD000216,PROD00117,1
ORD000216,PROD00368,1
ORD000217,PROD00012,2
ORD000217,PROD00219,1
ORD000217,PROD00392,1
ORD000217,PROD00408,1
ORD000218,PROD00202,1
ORD000218,PROD00419,1
ORD000219,PROD00380,1
ORD000220,PROD00094,1
ORD000220,PROD00263,1
ORD000220,PROD00292,1
ORD000221,PROD00086,1
ORD000222,PROD00085,2
ORD000222,PROD00147,1
ORD000223,PROD00088,1
ORD000224,PROD00211,1
ORD000225,PROD00386,1
ORD000225,PROD00414,1
ORD000226,PROD00051,1
ORD000227,PROD00257,1
ORD000227,PROD00330,1
ORD000228,PROD00345,1
ORD000228,PROD00384,1
ORD000229,PROD00305,1
ORD000229,PROD00309,1
ORD000230,PROD00359,1
ORD000231,PROD00050,1
ORD000231,PROD00133,1
ORD000232,PROD00308,1
ORD000232,PROD00376,1
ORD000233,PROD00261,1
ORD000234,PROD00297,1
ORD000234,PROD00350,1
ORD000235,PROD00213,1
ORD000236,PROD00423,1
ORD000237,PROD00404,1
ORD000238,PROD00263,1
ORD000238,PROD00387,1
ORD000238,PROD00409,1
ORD000239,PROD00103,1
ORD000240,PROD00082,1
ORD000241,PROD00109,1
ORD000242,PROD00453,1
ORD000243,PROD00067,1
ORD000243,PROD00083,1
ORD000244,PROD00125,2
ORD000244,PROD00154,1
ORD000245,PROD00390,2
ORD000246,PROD00080,1
ORD000246,PROD00130,1
ORD000247,PROD00107,1
ORD000248,PROD00063,1
ORD000248,PROD00118,1
ORD000249,PROD00198,1
ORD000249,PROD00439,1
ORD000250,PROD00402,1
ORD000251,PROD00074,1
ORD000252,PROD00187,1
ORD000253,PROD00018,1
ORD000253,PROD00201,1
ORD000254,PROD00378,1
ORD000255,PROD00111,1
ORD000255,PROD00130,1
ORD000255,PROD00388,1
ORD000256,PROD00136,1
ORD000256,PROD00175,1
ORD000257,PROD00227,1
ORD000258,PROD00035,1
ORD000258,PROD00063,1
ORD000258,PROD00236,1
ORD000259,PROD00064,2
ORD000259,PROD00421,1
ORD000260,PROD00069,1
ORD000261,PROD00322,1
ORD000261,PROD00409,1
ORD000262,PROD00093,1
ORD000262,PROD00349,1
ORD000262,PROD00365,1
ORD000263,PROD00130,1
ORD000263,PROD00344,1
ORD000264,PROD00088,1
ORD000265,PROD00239,1
ORD000266,PROD00128,1
ORD000267,PROD00028,1
ORD000267,PROD00126,1
ORD000268,PROD00001,1
ORD000268,PROD00128,1
ORD000269,PROD00228,1
ORD000269,PROD00327,1
ORD000269,PROD00340,1
ORD000270,PROD00153,1
ORD000309,PROD00252,1
ORD000300,PROD00136,1
ORD000300,PROD00303,1
ORD000300,PROD00316,1
ORD000271,PROD00012,2
ORD000272,PROD00169,1
ORD000272,PROD00313,1
ORD000272,PROD00339,2
ORD000273,PROD00257,1
ORD000273,PROD00377,2
ORD000273,PROD00398,1
ORD000275,PROD00259,2
ORD000276,PROD00058,1
ORD000276,PROD00434,2
ORD000277,PROD00240,1
ORD000307,PROD00109,2
ORD000307,PROD00346,1
ORD000299,PROD00135,6
ORD000278,PROD00158,1
ORD000278,PROD00340,1
ORD000279,PROD00277,2
ORD000308,PROD00111,1
ORD000308,PROD00298,1
ORD000308,PROD00457,1
ORD000280,PROD00348,1
ORD000281,PROD00108,1
ORD000281,PROD00334,1
ORD000282,PROD00100,1
ORD000282,PROD00101,1
ORD000283,PROD00103,2
ORD000283,PROD00229,1
ORD000301,PROD00431,1
ORD000284,PROD00015,1
ORD000285,PROD00377,1
ORD000302,PROD00035,1
ORD000286,PROD00047,1
ORD000286,PROD00091,1
ORD000286,PROD00264,2
ORD000287,PROD00113,1
ORD000287,PROD00190,1
ORD000288,PROD00108,1
ORD000289,PROD00274,1
ORD000289,PROD00308,1
ORD000290,PROD00109,1
ORD000290,PROD00110,1
ORD000291,PROD00244,2
ORD000292,PROD00238,1
ORD000293,PROD00229,1
ORD000293,PROD00351,1
ORD000294,PROD00140,1
ORD000295,PROD00046,1
ORD000296,PROD00320,2
ORD000296,PROD00367,2
ORD000296,PROD00387,1
ORD000297,PROD00168,2
ORD000298,PROD00103,2
ORD000298,PROD00228,1
ORD000310,PROD00375,1
ORD000311,PROD00438,1
ORD000312,PROD00393,1
ORD000312,PROD00441,1
ORD000313,PROD00428,1
ORD000314,PROD00214,1
ORD000315,PROD00409,1
ORD000316,PROD00038,1
ORD000316,PROD00201,1
ORD000317,PROD00021,1
ORD000318,PROD00333,1
ORD000318,PROD00404,1
ORD000319,PROD00017,1
ORD000319,PROD00066,1
ORD000319,PROD00443,2
ORD000320,PROD00219,1
ORD000321,PROD00214,1
ORD000321,PROD00232,1
ORD000322,PROD00031,2
ORD000322,PROD00074,1
ORD000322,PROD00244,1
ORD000323,PROD00380,1
ORD000324,PROD00017,1
ORD000324,PROD00188,1
ORD000325,PROD00170,1
ORD000325,PROD00215,1
ORD000325,PROD00232,1
ORD000325,PROD00388,1
ORD000326,PROD00017,1
ORD000326,PROD00037,1
ORD000326,PROD00107,1
ORD000326,PROD00323,2
ORD000326,PROD00438,2
ORD000327,PROD00176,1
ORD000328,PROD00073,1
ORD000328,PROD00257,2
ORD000328,PROD00323,1
ORD000329,PROD00104,1
ORD000330,PROD00020,2
ORD000330,PROD00301,1
ORD000330,PROD00444,2
ORD000331,PROD00159,1
ORD000331,PROD00214,1
ORD000331,PROD00405,1
ORD000332,PROD00176,1
ORD000332,PROD00214,1
ORD000332,PROD00410,1
ORD000333,PROD00014,2
ORD000333,PROD00107,1
ORD000333,PROD00214,2
ORD000334,PROD00015,1
ORD000334,PROD00037,1
ORD000334,PROD00200,1
ORD000335,PROD00321,1
ORD000336,PROD00368,1
ORD000337,PROD00094,1
ORD000337,PROD00407,1
ORD000338,PROD00042,1
ORD000338,PROD00086,2
ORD000338,PROD00406,1
ORD000339,PROD00094,1
ORD000339,PROD00130,2
ORD000339,PROD00294,2
ORD000340,PROD00438,2
ORD000341,PROD00261,1
ORD000342,PROD00014,1
ORD000343,PROD00200,2
ORD000344,PROD00224,1
ORD000345,PROD00048,2
ORD000345,PROD00200,2
ORD000346,PROD00020,1
ORD000346,PROD00419,1
ORD000346,PROD00432,1
ORD000347,PROD00214,2
ORD000347,PROD00240,2
ORD000348,PROD00066,1
ORD000348,PROD00407,1
ORD000349,PROD00028,1
ORD000349,PROD00157,2
ORD000349,PROD00219,1
ORD000350,PROD00236,1
ORD000351,PROD00018,2
ORD000351,PROD00200,2
ORD000351,PROD00423,1
ORD000352,PROD00407,1
ORD000353,PROD00409,2
ORD000354,PROD00207,1
ORD000354,PROD00424,2
ORD000355,PROD00020,1
ORD000355,PROD00296,2
ORD000356,PROD00421,1
ORD000357,PROD00407,1
ORD000357,PROD00438,1
ORD000358,PROD00042,1
ORD000359,PROD00333,1
ORD000360,PROD00022,2
ORD000360,PROD00200,1
ORD000360,PROD00222,1
ORD000360,PROD00407,1
ORD000361,PROD00414,1
ORD000362,PROD00205,1
ORD000363,PROD00231,1
ORD000364,PROD00089,1
ORD000365,PROD00158,1
ORD000365,PROD00232,1
ORD000366,PROD00186,2
ORD000366,PROD00405,1
ORD000367,PROD00024,2
ORD000367,PROD00444,1
ORD000368,PROD00080,1
ORD000368,PROD00298,1
ORD000369,PROD00070,1
ORD000370,PROD00135,1
ORD000371,PROD00214,1
ORD000371,PROD00349,1
ORD000371,PROD00407,2
ORD000372,PROD00081,2
ORD000372,PROD00424,2
ORD000373,PROD00156,1
ORD000373,PROD00444,2
ORD000374,PROD00067,1
ORD000375,PROD00323,1
ORD000376,PROD00031,1
ORD000377,PROD00093,2
ORD000377,PROD00200,2
ORD000377,PROD00240,1
ORD000377,PROD00272,1
ORD000378,PROD00017,1
ORD000380,PROD00013,2
ORD000380,PROD00042,1
ORD000380,PROD00334,1
ORD000381,PROD00032,2
ORD000381,PROD00094,1
ORD000381,PROD00268,1
ORD000382,PROD00387,1
ORD000383,PROD00042,1
ORD000384,PROD00017,2
ORD000384,PROD00235,2
ORD000385,PROD00010,1
ORD000385,PROD00116,1
ORD000386,PROD00070,1
ORD000387,PROD00259,1
ORD000388,PROD00091,1
ORD000388,PROD00210,1
ORD000389,PROD00256,1
ORD000389,PROD00426,1
ORD000389,PROD00439,1
ORD000390,PROD00031,1
ORD000390,PROD00391,2
ORD000390,PROD00441,1
ORD000391,PROD00060,1
ORD000391,PROD00066,1
ORD000392,PROD00032,1
ORD000392,PROD00407,1
ORD000393,PROD00024,1
ORD000393,PROD00068,1
ORD000393,PROD00284,1
ORD000394,PROD00017,1
ORD000394,PROD00333,1
ORD000395,PROD00197,1
ORD000396,PROD00217,1
ORD000396,PROD00232,1
ORD000397,PROD00214,2
ORD000397,PROD00461,1
ORD000398,PROD00042,1
ORD000399,PROD00407,1
ORD000400,PROD00152,1
ORD000401,PROD00416,1
ORD000402,PROD00406,1
ORD000403,PROD00066,1
ORD000403,PROD00384,1
ORD000403,PROD00407,1
ORD000404,PROD00407,1
ORD000405,PROD00098,1
ORD000406,PROD00416,1
ORD000407,PROD00232,1
ORD000407,PROD00284,1
ORD000408,PROD00416,1
ORD000409,PROD00017,1
ORD000409,PROD00421,1
ORD000410,PROD00176,1
ORD000411,PROD00200,1
ORD000411,PROD00405,2
ORD000412,PROD00314,1
ORD000412,PROD00386,1
ORD000413,PROD00423,1
ORD000414,PROD00006,1
ORD000414,PROD00424,2
ORD000415,PROD00235,1
ORD000415,PROD00342,1
ORD000416,PROD00018,1
ORD000417,PROD00431,1
ORD000418,PROD00042,1
ORD000419,PROD00017,1
ORD000419,PROD00403,1
ORD000420,PROD00404,1
ORD000421,PROD00407,1
ORD000422,PROD00020,1
ORD000424,PROD00436,1
ORD000425,PROD00089,1
ORD000426,PROD00214,1
ORD000427,PROD00107,1
ORD000427,PROD00126,1
ORD000428,PROD00448,1
ORD000429,PROD00135,1
ORD000430,PROD00057,1
ORD000430,PROD00189,1
ORD000430,PROD00313,2
ORD000430,PROD00372,1
ORD000431,PROD00128,2
ORD000431,PROD00306,1
ORD000433,PROD00184,1
ORD000434,PROD00152,1
ORD000435,PROD00100,1
ORD000435,PROD00319,1
ORD000436,PROD00264,1
ORD000436,PROD00269,2
ORD000436,PROD00393,1
ORD000437,PROD00107,1
ORD000438,PROD00382,1
ORD000438,PROD00459,1
ORD000439,PROD00200,2
ORD000439,PROD00253,2
ORD000439,PROD00307,1
ORD000440,PROD00315,2
ORD000440,PROD00367,1
ORD000440,PROD00431,1
ORD000441,PROD00297,1
ORD000442,PROD00008,1
ORD000442,PROD00222,1
ORD000443,PROD00343,1
ORD000444,PROD00019,1
ORD000445,PROD00227,1
ORD000445,PROD00237,1
ORD000446,PROD00095,1
ORD000447,PROD00195,1
ORD000447,PROD00252,1
ORD000448,PROD00137,1
ORD000448,PROD00173,1
ORD000449,PROD00024,1
ORD000449,PROD00286,1
ORD000450,PROD00286,2
ORD000451,PROD00121,1
ORD000452,PROD00073,1
ORD000452,PROD00456,1
ORD000453,PROD00085,1
ORD000453,PROD00240,1
ORD000453,PROD00374,2
ORD000454,PROD00360,1
ORD000454,PROD00397,1
ORD000455,PROD00143,1
ORD000456,PROD00272,1
ORD000456,PROD00368,1
ORD000457,PROD00130,2
ORD000457,PROD00138,1
ORD000457,PROD00170,1
ORD000457,PROD00176,1
ORD000457,PROD00453,1
ORD000458,PROD00214,1
ORD000458,PROD00227,1
ORD000459,PROD00093,1
ORD000459,PROD00170,1
ORD000459,PROD00231,1
ORD000460,PROD00027,1
ORD000460,PROD00239,1
ORD000460,PROD00324,2
ORD000461,PROD00151,1
ORD000462,PROD00326,1
ORD000463,PROD00067,1
ORD000464,PROD00447,1
ORD000465,PROD00218,1
ORD000466,PROD00351,1
ORD000467,PROD00043,1
ORD000467,PROD00256,1
ORD000468,PROD00306,1
ORD000469,PROD00342,1
ORD000470,PROD00304,1
ORD000471,PROD00200,1
ORD000471,PROD00442,1
ORD000472,PROD00315,1
ORD000472,PROD00401,1
ORD000472,PROD00404,1
ORD000473,PROD00143,1
ORD000474,PROD00228,1
ORD000474,PROD00276,2
ORD000475,PROD00308,1
ORD000476,PROD00362,1
ORD000476,PROD00430,1
ORD000477,PROD00087,1
ORD000478,PROD00105,1
ORD000478,PROD00197,1
ORD000478,PROD00370,2
,,
,,
,,
,,
,,
,,
,,
,,
,,
,,
,,
,,
,,
,,
,,
,,
,,
,,
,,
,,
,,
,,
,,
,,
,,
,,
,,
,,
,,
,,
,,
,,
,,
,,
,,
,,
,,
,,
,,
,,
,,
,,
,,
,,
,,
,,
,,
,,
,,
,,
,,
,,
,,
,,
,,
,,
,,
,,
,,
,,
,,
,,
,,
,,
,,
,,
,,
,,
,,
,,
,,
,,
,,
,,
,,
,,
,,
,,
,,
,,
,,
,,
,,
,,
,,
,,
,,
,,
,,
,,
,,
,,
,,
,,
,,
,,
,,
,,
,,
,,
,,
,,
,,
,,
,,
,,
,,
,,
,,
,,
,,
,,
,,
,,
,,
,,
,,
,,
,,
,,
,,
,,
,,
,,
,,
,,
,,
,,
,,
,,
,,
,,
,,
,,
,,
,,
,,
,,
,,
,,
,,
,,
,,
,,
,,
,,
,,
,,
,,
,,
,,
,,
,,
,,
,,
,,
,,
,,
,,
,,
,,
,,
,,
,,
,,
,,
,,
,,
,,
,,
,,
,,
,,
,,
,,
,,
,,
,,
,,
,,
,,
,,
,,
,,
,,
,,
,,
,,
,,
,,
,,
,,
,,
,,
,,
,,
,,
,,
,,
,,
,,
,,
,,
,,
,,
